INSERT INTO Cestovka (Id, Nazov, ICO, Kontakt, Email, CreatedAt)
VALUES 
('c87d1f2f-f8d7-11ef-9f2d-58879c777f19', 'Invia.sk, s.r.o.', '35884797', '+421 2 3221 0450', 'poradca@invia.sk',NOW()),
('d38d8f8f-f8d7-11ef-9f2d-58879c777f20', 'MINDO s.r.o.', '35902097', '+421 2 6829 6898', 'info@mindotravel.sk',NOW()),
('e49d8f8f-f8d7-11ef-9f2d-58879c777f21', 'CK Fischer Slovensko, s.r.o.', '35884820', '+421 2 3255 8555', 'slovensko@ckfischer.sk',NOW()),
('f5aabb1f-f8d7-11ef-9f2d-58879c777f22', 'EXIM Tours, a.s.', '35884810', '+421 2 5829 2929', 'info@eximtours.sk',NOW()),
('06d42f1f-f8d8-11ef-9f2d-58879c777f23', 'Satur, s.r.o.', '35884812', '+421 2 5810 1414', 'satur@tck.sk',NOW()),
('1ab62b1f-f8d8-11ef-9f2d-58879c777f24', 'Aquacity Travel, s.r.o.', '35945512', '+421 52 77 39 888', 'info@aquacity.sk',NOW());

INSERT INTO Food (Id, FoodNameSk, FoodNameCz, FoodNamePl, CreatedAt)
VALUES 
    ('42221111-ffff-1111-1111-111100000001', 'Bez stravy', 'Bez stravy', 'Bez wyżywienia', NOW()),
    ('42221111-ffff-1111-1111-111200000002', 'Raňajky', 'Snídaně', 'Śniadanie', NOW()),
    ('42221111-ffff-1111-1111-111300000003', 'Večera', 'Večeře', 'Kolacja', NOW()),
    ('42221111-ffff-1111-1111-111400000004', 'Polpenzia', 'Polopenze', 'Niepełne wyżywienie', NOW()),
    ('42221111-ffff-1111-1111-111500000005', 'Plná penzia', 'Plná penze', 'Pełne wyżywienie', NOW()),
    ('42221111-ffff-1111-1111-111600000006', 'All Inclusive', 'All Inclusive', 'All Inclusive', NOW()),
    ('42221111-ffff-1111-1111-111700000007', 'Ultra All Inclusive', 'Ultra All Inclusive', 'Ultra All Inclusive', NOW());


    INSERT INTO TourTypes (Id, TourTypesNameSk, TourTypesNameCz, TourTypesNamePl, CreatedAt)
    VALUES 
    ('22121111-ffff-1111-1111-111000000001', 'Pobytové', 'Pobytové', 'Pobytowe', NOW()),
    ('22221111-ffff-1111-1111-211000000001', 'Lyžiarske', 'Lyžařské', 'Narciarskie', NOW()),
    ('22321111-ffff-1111-1111-311000000001', 'Poznávacie', 'Poznávací', 'Objazdowe', NOW()),
    ('22421111-ffff-1111-1111-411000000001', 'Eurovíkendy', 'Eurovíkendy', 'Euro weekendy', NOW()),
    ('22521111-ffff-1111-1111-511000000001', 'Športové', 'Sportovní', 'Sportowe', NOW()),
    ('22621111-ffff-1111-1111-611000000001', 'Plavby', 'Plavby', 'Rejsy', NOW());


INSERT INTO Transport (Id, ParentTransportId, TransportNameSk, TransportNameCz, TransportNamePl, CreatedAt)
VALUES ('22221111-ffff-1111-1111-111000000001', NULL, 'Vlastná', 'Vlastní', 'Własny',NOW()),
       ('22221111-ffff-1111-1111-111000000002', NULL, 'Letecká', 'Letecká', 'Lotnicza',NOW()),
       ('22221111-ffff-1111-1111-111000000003', NULL, 'Autobusom', 'Autobusem', 'Autobusem',NOW()),
       ('22221111-ffff-1111-1111-111000000004', NULL, 'Kombinovaná', 'Kombinovaná', 'Kombinowana',NOW()),
       ('22221111-ffff-1111-1111-111000000005', NULL, 'Vlakom', 'Vlakem', 'Pociągiem',NOW()),
       ('22221111-ffff-1111-1111-111000000006', '22221111-ffff-1111-1111-111000000002', 'Slovenské letiská', 'Slovenská letiště', 'Słowackie lotniska', NOW()),
       ('22221111-ffff-1111-1111-111000000007', '22221111-ffff-1111-1111-111000000002', 'České letiská', 'Česká letiště', 'Czeskie lotniska', NOW()),
       ('22221111-ffff-1111-1111-111000000008', '22221111-ffff-1111-1111-111000000002', 'Poľské letiská', 'Polská letiště', 'Polskie lotniska', NOW()),
       ('22221111-ffff-1111-1111-111000000009', '22221111-ffff-1111-1111-111000000002', 'Rakúske letiská', 'Rakouská letiště', 'Austriackie lotniska', NOW()),
       ('22221111-ffff-1111-1111-111000000010', '22221111-ffff-1111-1111-111000000002', 'Maďarské letiská', 'Maďarská letiště', 'Węgierskie lotniska', NOW()),
       ('22221111-ffff-1111-1111-111000000011', '22221111-ffff-1111-1111-111000000006', 'Letisko Bratislava', 'Letiště Bratislava', 'Lotnisko Bratysława', NOW()),
       ('22221111-ffff-1111-1111-111000000012', '22221111-ffff-1111-1111-111000000006', 'Letisko Košice', 'Letiště Košice', 'Lotnisko Koszyce', NOW()),
       ('22221111-ffff-1111-1111-111000000013', '22221111-ffff-1111-1111-111000000007', 'Letiště Václava Havla Praha', 'Letiště Václava Havla Praha', 'Lotnisko Václava Havla Praha', NOW()),
       ('22221111-ffff-1111-1111-111000000014', '22221111-ffff-1111-1111-111000000007', 'Letiště Brno', 'Letiště Brno', 'Lotnisko Brno', NOW()),
       ('22221111-ffff-1111-1111-111000000015', '22221111-ffff-1111-1111-111000000008', 'Letisko Chopina vo Varšave', 'Lotnisko Chopina w Warszawie', 'Lotnisko Chopina w Warszawie', NOW()),
       ('22221111-ffff-1111-1111-111000000016', '22221111-ffff-1111-1111-111000000008', 'Letisko Krakov-Balice', 'Lotnisko Kraków-Balice', 'Lotnisko Kraków-Balice', NOW()),
       ('22221111-ffff-1111-1111-111000000017', '22221111-ffff-1111-1111-111000000008', 'Letisko Katowice', 'Lotnisko Katowice', 'Lotnisko Katowice', NOW()),
       ('22221111-ffff-1111-1111-111000000018', '22221111-ffff-1111-1111-111000000009', 'Letisko Schwechat (Viedeň)', 'Letiště Schwechat (Vídeň)', 'Lotnisko Schwechat (Wiedeń)', NOW()),
       ('22221111-ffff-1111-1111-111000000019', '22221111-ffff-1111-1111-111000000009', 'Letisko Innsbruck', 'Letiště Innsbruck', 'Lotnisko Innsbruck', NOW()),
       ('22221111-ffff-1111-1111-111000000020', '22221111-ffff-1111-1111-111000000010', 'Letisko Budapešť', 'Letiště Budapešť', 'Lotnisko Budapeszt', NOW()),
       ('22221111-ffff-1111-1111-111000000021', '22221111-ffff-1111-1111-111000000010', 'Letisko Debrecín', 'Letiště Debrecín', 'Lotnisko Debrecin', NOW());



INSERT INTO Currency (Id, CurrencyNameSk, CurrencyNameCz, CurrencyNamePl, CreatedAt)
VALUES ('33331111-ffff-1111-1111-111000000001', 'EUR', 'EUR', 'EUR',NOW()),
       ('33331111-ffff-1111-1111-111000000002', 'USD', 'USD', 'USD',NOW()),
       ('33331111-ffff-1111-1111-111000000003', 'GBP', 'GBP', 'GBP',NOW()),
       ('33331111-ffff-1111-1111-111000000004', 'CZK', 'CZK', 'CZK',NOW()),
       ('33331111-ffff-1111-1111-111000000005', 'PLN', 'PLN', 'PLN',NOW());

INSERT INTO country (id, IsNajziadanejsia, NameSk, NameCz, NamePl, CreatedAt) VALUES
('88881111-ffff-1111-1111-111000000001', false, 'Afganistan', 'Afghánistán', 'Afganistan',NOW()),
('88881111-ffff-1111-1111-111000000002', false, 'Albánsko', 'Albánie', 'Albania',NOW()),
('88881111-ffff-1111-1111-111000000003', false, 'Alžírsko', 'Alžírsko', 'Algieria',NOW()),
('88881111-ffff-1111-1111-111000000004', false, 'Andorra', 'Andorra', 'Andora',NOW()),
('88881111-ffff-1111-1111-111000000005', false, 'Angola', 'Angola', 'Angola',NOW()),
('88881111-ffff-1111-1111-111000000006', false, 'Anguilla', 'Anguilla', 'Anguilla',NOW()),
('88881111-ffff-1111-1111-111000000007', false, 'Antarktída', 'Antarktida', 'Antarktyda',NOW()),
('88881111-ffff-1111-1111-111000000008', false, 'Antigua a Barbuda', 'Antigua a Barbuda', 'Antigua i Barbuda',NOW()),
('88881111-ffff-1111-1111-111000000009', false, 'Argentína', 'Argentina', 'Argentyna',NOW()),
('88881111-ffff-1111-1111-111000000010', false, 'Arktída', 'Arktida', 'Arktyka',NOW()),
('88881111-ffff-1111-1111-111000000011', false, 'Arménsko', 'Arménie', 'Armenia',NOW()),
('88881111-ffff-1111-1111-111000000012', false, 'Aruba', 'Aruba', 'Aruba',NOW()),
('88881111-ffff-1111-1111-111000000013', false, 'Austrália', 'Austrálie', 'Australia',NOW()),
('88881111-ffff-1111-1111-111000000014', false, 'Sydney', 'Sydney', 'Sydney',NOW()),
('88881111-ffff-1111-1111-111000000015', false, 'Azerbajdžan', 'Ázerbájdžán', 'Azerbejdżan',NOW()),
('88881111-ffff-1111-1111-111000000016', false, 'Bahamy', 'Bahamy', 'Bahamy',NOW()),
('88881111-ffff-1111-1111-111000000017', false, 'Bahrajn', 'Bahrajn', 'Bahrajn',NOW()),
('88881111-ffff-1111-1111-111000000018', false, 'Bali', 'Bali', 'Bali',NOW()),
('88881111-ffff-1111-1111-111000000019', false, 'Bangladéš', 'Bangladéš', 'Bangladesz',NOW()),
('88881111-ffff-1111-1111-111000000020', false, 'Barbados', 'Barbados', 'Barbados',NOW()),
('88881111-ffff-1111-1111-111000000021', false, 'Barma', 'Barma', 'Birma',NOW()),
('88881111-ffff-1111-1111-111000000022', false, 'Belgicko', 'Belgie', 'Belgia',NOW()),
('88881111-ffff-1111-1111-111000000023', false, 'Belize', 'Belize', 'Belize',NOW()),
('88881111-ffff-1111-1111-111000000024', false, 'Benin', 'Benin', 'Benin',NOW()),
('88881111-ffff-1111-1111-111000000025', false, 'Bhután', 'Bhútán', 'Bhutan',NOW()),
('88881111-ffff-1111-1111-111000000026', false, 'Bielorusko', 'Bělorusko', 'Białoruś',NOW()),
('88881111-ffff-1111-1111-111000000027', false, 'Bolívia', 'Bolívie', 'Boliwia',NOW()),
('88881111-ffff-1111-1111-111000000028', false, 'Bonaire', 'Bonaire', 'Bonaire',NOW()),
('88881111-ffff-1111-1111-111000000029', false, 'Bosna a Hercegovina', 'Bosna a Hercegovina', 'Bośnia i Hercegowina',NOW()),
('88881111-ffff-1111-1111-111000000030', false, 'Botswana', 'Botswana', 'Botswana',NOW()),
('88881111-ffff-1111-1111-111000000031', false, 'Britské Panenské ostrovy', 'Britské Panenské ostrovy', 'Brytyjskie Wyspy Dziewicze',NOW()),
('88881111-ffff-1111-1111-111000000032', false, 'Brunej', 'Brunej', 'Brunei',NOW()),
('88881111-ffff-1111-1111-111000000033', false, 'Bulharsko', 'Bulharsko', 'Bułgaria',NOW()),
('88881111-ffff-1111-1111-111000000034', false, 'Burkina Faso', 'Burkina Faso', 'Burkina Faso',NOW()),
('88881111-ffff-1111-1111-111000000035', false, 'Burundi', 'Burundi', 'Burundi',NOW()),
('88881111-ffff-1111-1111-111000000036', false, 'Cookove ostrovy', 'Cookovy ostrovy', 'Wyspy Cooka',NOW()),
('88881111-ffff-1111-1111-111000000037', false, 'Curacao', 'Curaçao', 'Curaçao',NOW()),
('88881111-ffff-1111-1111-111000000038', false, 'Cyprus', 'Kypr', 'Cypr',NOW()),
('88881111-ffff-1111-1111-111000000039', false, 'Čad', 'Čad', 'Czad',NOW()),
('88881111-ffff-1111-1111-111000000040', false, 'Česká republika', 'Česká republika', 'Czechy',NOW()),
('88881111-ffff-1111-1111-111000000041', false, 'Čierna Hora', 'Černá Hora', 'Czarnogóra',NOW()),
('88881111-ffff-1111-1111-111000000042', false, 'Čína', 'Čína', 'Chiny',NOW()),
('88881111-ffff-1111-1111-111000000043', false, 'Dánsko', 'Dánsko', 'Dania',NOW()),
('88881111-ffff-1111-1111-111000000044', false, 'Dominika', 'Dominika', 'Dominika',NOW()),
('88881111-ffff-1111-1111-111000000045', false, 'Džibutsko', 'Džibutsko', 'Dżibuti',NOW()),
('88881111-ffff-1111-1111-111000000046', false, 'Egypt', 'Egypt', 'Egipt',NOW()),
('88881111-ffff-1111-1111-111000000047', false, 'Ekvádor', 'Ekvádor', 'Ekwador',NOW()),
('88881111-ffff-1111-1111-111000000048', false, 'Eritrea', 'Eritrea', 'Erytrea',NOW()),
('88881111-ffff-1111-1111-111000000049', false, 'Estónsko', 'Estonsko', 'Estonia',NOW()),
('88881111-ffff-1111-1111-111000000050', false, 'Etiópia', 'Etiopie', 'Etiopia',NOW()),
('88881111-ffff-1111-1111-111000000051', false, 'Falklandy', 'Falklandy', 'Falklandy',NOW()),
('88881111-ffff-1111-1111-111000000052', false, 'Fidži', 'Fidži', 'Fidżi',NOW()),
('88881111-ffff-1111-1111-111000000053', false, 'Filipíny', 'Filipíny', 'Filipiny',NOW()),
('88881111-ffff-1111-1111-111000000054', false, 'Fínsko', 'Finsko', 'Finlandia',NOW()),
('88881111-ffff-1111-1111-111000000055', false, 'Francúzska Guyana', 'Francouzská Guyana', 'Gujana Francuska',NOW()),
('88881111-ffff-1111-1111-111000000056', false, 'Francúzska Polynézia', 'Francouzská Polynésie', 'Polinezja Francuska',NOW()),
('88881111-ffff-1111-1111-111000000057', false, 'Francúzsko', 'Francie', 'Francja',NOW()),
('88881111-ffff-1111-1111-111000000058', false, 'Gabon', 'Gabon', 'Gabon',NOW()),
('88881111-ffff-1111-1111-111000000059', false, 'Gambia', 'Gambie', 'Gambia',NOW()),
('88881111-ffff-1111-1111-111000000060', false, 'Ghana', 'Ghana', 'Ghana',NOW()),
('88881111-ffff-1111-1111-111000000061', false, 'Grécko', 'Řecko', 'Grecja',NOW()),
('88881111-ffff-1111-1111-111000000062', false, 'Grenada', 'Grenada', 'Grenada',NOW()),
('88881111-ffff-1111-1111-111000000063', false, 'Grónsko', 'Grónsko', 'Grenlandia',NOW()),
('88881111-ffff-1111-1111-111000000064', false, 'Gruzínsko', 'Gruzie', 'Gruzja',NOW()),
('88881111-ffff-1111-1111-111000000065', false, 'Guadalupe', 'Guadeloupe', 'Gwadelupa',NOW()),
('88881111-ffff-1111-1111-111000000066', false, 'Guatemala', 'Guatemala', 'Gwatemala',NOW()),
('88881111-ffff-1111-1111-111000000067', false, 'Guinea', 'Guinea', 'Gwinea',NOW()),
('88881111-ffff-1111-1111-111000000068', false, 'Guinea-Bissau', 'Guinea-Bissau', 'Gwinea Bissau',NOW()),
('88881111-ffff-1111-1111-111000000069', false, 'Guyana', 'Guyana', 'Gujana',NOW()),
('88881111-ffff-1111-1111-111000000070', false, 'Haiti', 'Haiti', 'Haiti',NOW()),
('88881111-ffff-1111-1111-111000000071', false, 'Holandsko', 'Nizozemsko', 'Holandia',NOW()),
('88881111-ffff-1111-1111-111000000072', false, 'Honduras', 'Honduras', 'Honduras',NOW()),
('88881111-ffff-1111-1111-111000000073', false, 'Hongkong', 'Hongkong', 'Hongkong',NOW()),
('88881111-ffff-1111-1111-111000000074', false, 'Chile', 'Chile', 'Chile',NOW()),
('88881111-ffff-1111-1111-111000000075', false, 'Chorvátsko', 'Chorvatsko', 'Chorwacja',NOW()),
('88881111-ffff-1111-1111-111000000076', false, 'India', 'Indie', 'Indie',NOW()),
('88881111-ffff-1111-1111-111000000077', false, 'Indonézia', 'Indonésie', 'Indonezja',NOW()),
('88881111-ffff-1111-1111-111000000078', false, 'Irak', 'Irák', 'Irak',NOW()),
('88881111-ffff-1111-1111-111000000079', false, 'Irán', 'Írán', 'Iran',NOW()),
('88881111-ffff-1111-1111-111000000080', false, 'Írsko', 'Irsko', 'Irlandia',NOW()),
('88881111-ffff-1111-1111-111000000081', false, 'Island', 'Island', 'Islandia',NOW()),
('88881111-ffff-1111-1111-111000000082', false, 'Izrael', 'Izrael', 'Izrael',NOW()),
('88881111-ffff-1111-1111-111000000083', false, 'Jamajka', 'Jamajka', 'Jamajka',NOW()),
('88881111-ffff-1111-1111-111000000084', false, 'Japonsko', 'Japonsko', 'Japonia',NOW()),
('88881111-ffff-1111-1111-111000000085', false, 'Jemen', 'Jemen', 'Jemen',NOW()),
('88881111-ffff-1111-1111-111000000086', false, 'Jordánsko', 'Jordánsko', 'Jordania',NOW()),
('88881111-ffff-1111-1111-111000000087', false, 'Juhoafrická republika', 'Jihoafrická republika', 'Republika Południowej Afryki',NOW()),
('88881111-ffff-1111-1111-111000000088', false, 'Južná Kórea', 'Jižní Korea', 'Korea Południowa',NOW()),
('88881111-ffff-1111-1111-111000000089', false, 'Kajmanské ostrovy', 'Kajmanské ostrovy', 'Kajmany',NOW()),
('88881111-ffff-1111-1111-111000000090', false, 'Kambodža', 'Kambodža', 'Kambodża',NOW()),
('88881111-ffff-1111-1111-111000000091', false, 'Kamerun', 'Kamerun', 'Kamerun',NOW()),
('88881111-ffff-1111-1111-111000000092', false, 'Kanada', 'Kanada', 'Kanada',NOW()),
('88881111-ffff-1111-1111-111000000093', false, 'Kanárske ostrovy', 'Kanárské ostrovy', 'Wyspy Kanaryjskie',NOW()),
('88881111-ffff-1111-1111-111000000094', false, 'Kapverdské ostrovy', 'Kapverdské ostrovy', 'Wyspy Zielonego Przylądka',NOW()),
('88881111-ffff-1111-1111-111000000095', false, 'Katar', 'Katar', 'Katar',NOW()),
('88881111-ffff-1111-1111-111000000096', false, 'Kazachstan', 'Kazachstán', 'Kazachstan',NOW()),
('88881111-ffff-1111-1111-111000000097', false, 'Keňa', 'Keňa', 'Kenia',NOW()),
('88881111-ffff-1111-1111-111000000098', false, 'Kirgizsko', 'Kyrgyzstán', 'Kirgistan',NOW()),
('88881111-ffff-1111-1111-111000000099', false, 'Kiribati', 'Kiribati', 'Kiribati',NOW()),
('88881111-ffff-1111-1111-111000000100', false, 'Kolumbia', 'Kolumbie', 'Kolumbia',NOW()),
('88881111-ffff-1111-1111-111000000101', false, 'Komory', 'Komory', 'Komory',NOW()),
('88881111-ffff-1111-1111-111000000102', false, 'Konžská demokratická republika', 'Konžská demokratická republika', 'Demokratyczna Republika Konga',NOW()),
('88881111-ffff-1111-1111-111000000103', false, 'Kosovo', 'Kosovo', 'Kosowo',NOW()),
('88881111-ffff-1111-1111-111000000104', false, 'Kostarika', 'Kostarika', 'Kostaryka',NOW()),
('88881111-ffff-1111-1111-111000000105', false, 'Kuba', 'Kuba', 'Kuba',NOW()),
('88881111-ffff-1111-1111-111000000106', false, 'Kuvajt', 'Kuvajt', 'Kuwejt',NOW()),
('88881111-ffff-1111-1111-111000000107', false, 'Laos', 'Laos', 'Laos',NOW()),
('88881111-ffff-1111-1111-111000000108', false, 'Lesotho', 'Lesotho', 'Lesotho',NOW()),
('88881111-ffff-1111-1111-111000000109', false, 'Libanon', 'Libanon', 'Liban',NOW()),
('88881111-ffff-1111-1111-111000000110', false, 'Libéria', 'Libérie', 'Liberia',NOW()),
('88881111-ffff-1111-1111-111000000111', false, 'Líbya', 'Libye', 'Libia',NOW()),
('88881111-ffff-1111-1111-111000000112', false, 'Lichtenštajnsko', 'Lichtenštejnsko', 'Liechtenstein',NOW()),
('88881111-ffff-1111-1111-111000000113', false, 'Litva', 'Litva', 'Litwa',NOW()),
('88881111-ffff-1111-1111-111000000114', false, 'Lotyšsko', 'Lotyšsko', 'Łotwa',NOW()),
('88881111-ffff-1111-1111-111000000115', false, 'Luxembursko', 'Lucembursko', 'Luksemburg',NOW()),
('88881111-ffff-1111-1111-111000000116', false, 'Macao', 'Macao', 'Makau',NOW()),
('88881111-ffff-1111-1111-111000000117', false, 'Madagaskar', 'Madagaskar', 'Madagaskar',NOW()),
('88881111-ffff-1111-1111-111000000118', false, 'Maďarsko', 'Maďarsko', 'Węgry',NOW()),
('88881111-ffff-1111-1111-111000000119', false, 'Madeira', 'Madeira', 'Madera',NOW()),
('88881111-ffff-1111-1111-111000000120', false, 'Malajzia', 'Malajsie', 'Malezja',NOW()),
('88881111-ffff-1111-1111-111000000121', false, 'Malawi', 'Malawi', 'Malawi',NOW()),
('88881111-ffff-1111-1111-111000000122', false, 'Maldivy', 'Maledivy', 'Malediwy',NOW()),
('88881111-ffff-1111-1111-111000000123', false, 'Mali', 'Mali', 'Mali',NOW()),
('88881111-ffff-1111-1111-111000000124', false, 'Malta', 'Malta', 'Malta',NOW()),
('88881111-ffff-1111-1111-111000000125', false, 'Maroko', 'Maroko', 'Maroko',NOW()),
('88881111-ffff-1111-1111-111000000126', false, 'Marshallove ostrovy', 'Marshallovy ostrovy', 'Wyspy Marshalla',NOW()),
('88881111-ffff-1111-1111-111000000127', false, 'Martinik', 'Martinik', 'Martynika',NOW()),
('88881111-ffff-1111-1111-111000000128', false, 'Maurícius', 'Mauricius', 'Mauritius',NOW()),
('88881111-ffff-1111-1111-111000000129', false, 'Mauritánia', 'Mauritánie', 'Mauretania',NOW()),
('88881111-ffff-1111-1111-111000000130', false, 'Mayotte', 'Mayotte', 'Majotta',NOW()),
('88881111-ffff-1111-1111-111000000131', false, 'Mexiko', 'Mexiko', 'Meksyk',NOW()),
('88881111-ffff-1111-1111-111000000132', false, 'Mikronésie', 'Mikronésie', 'Mikronezja',NOW()),
('88881111-ffff-1111-1111-111000000133', false, 'Moldavsko', 'Moldavsko', 'Mołdawia',NOW()),
('88881111-ffff-1111-1111-111000000134', false, 'Monako', 'Monako', 'Monako',NOW()),
('88881111-ffff-1111-1111-111000000135', false, 'Mongolsko', 'Mongolsko', 'Mongolia',NOW()),
('88881111-ffff-1111-1111-111000000136', false, 'Mozambik', 'Mosambik', 'Mozambik',NOW()),
('88881111-ffff-1111-1111-111000000137', false, 'Namíbia', 'Namibie', 'Namibia',NOW()),
('88881111-ffff-1111-1111-111000000138', false, 'Nauru', 'Nauru', 'Nauru',NOW()),
('88881111-ffff-1111-1111-111000000139', false, 'Nemecko', 'Německo', 'Niemcy',NOW()),
('88881111-ffff-1111-1111-111000000140', false, 'Nepál', 'Nepál', 'Nepal',NOW()),
('88881111-ffff-1111-1111-111000000141', false, 'Niger', 'Niger', 'Niger',NOW()),
('88881111-ffff-1111-1111-111000000142', false, 'Nigéria', 'Nigérie', 'Nigeria',NOW()),
('88881111-ffff-1111-1111-111000000143', false, 'Nikaragua', 'Nikaragua', 'Nikaragua',NOW()),
('88881111-ffff-1111-1111-111000000144', false, 'Nórsko', 'Norsko', 'Norwegia',NOW()),
('88881111-ffff-1111-1111-111000000145', false, 'Nová Kaledónia', 'Nová Kaledonie', 'Nowa Kaledonia',NOW()),
('88881111-ffff-1111-1111-111000000146', false, 'Nový Zéland', 'Nový Zéland', 'Nowa Zelandia',NOW()),
('88881111-ffff-1111-1111-111000000147', false, 'Omán', 'Omán', 'Oman',NOW()),
('88881111-ffff-1111-1111-111000000148', false, 'Pakistan', 'Pákistán', 'Pakistan',NOW()),
('88881111-ffff-1111-1111-111000000149', false, 'Palau', 'Palau', 'Palau',NOW()),
('88881111-ffff-1111-1111-111000000150', false, 'Palestina', 'Palestina', 'Palestyna',NOW()),
('88881111-ffff-1111-1111-111000000151', false, 'Panama', 'Panama', 'Panama',NOW()),
('88881111-ffff-1111-1111-111000000152', false, 'Papua Nová Guinea', 'Papua-Nová Guinea', 'Papua-Nowa Gwinea',NOW()),
('88881111-ffff-1111-1111-111000000153', false, 'Paraguaj', 'Paraguay', 'Paragwaj',NOW()),
('88881111-ffff-1111-1111-111000000154', false, 'Peru', 'Peru', 'Peru',NOW()),
('88881111-ffff-1111-1111-111000000155', false, 'Pobrežie Slonoviny', 'Pobřeží slonoviny', 'Wybrzeże Kości Słoniowej',NOW()),
('88881111-ffff-1111-1111-111000000156', false, 'Poľsko', 'Polsko', 'Polska',NOW()),
('88881111-ffff-1111-1111-111000000157', false, 'Portoriko', 'Portoriko', 'Portoryko',NOW()),
('88881111-ffff-1111-1111-111000000158', false, 'Portugalsko', 'Portugalsko', 'Portugalia',NOW()),
('88881111-ffff-1111-1111-111000000159', false, 'Dominikánska republika', 'Dominikánska republika', 'Dominikánska republika',NOW()),
('88881111-ffff-1111-1111-111000000161', false, 'Rakúsko', 'Rakousko', 'Austria',NOW()),
('88881111-ffff-1111-1111-111000000162', false, 'Republika Kongo', 'Republika Kongo', 'Republika Kongo',NOW()),
('88881111-ffff-1111-1111-111000000163', false, 'Réunion', 'Réunion', 'Réunion',NOW()),
('88881111-ffff-1111-1111-111000000164', false, 'Roatan', 'Roatan', 'Roatan',NOW()),
('88881111-ffff-1111-1111-111000000165', false, 'Rodrigues', 'Rodrigues', 'Rodrigues',NOW()),
('88881111-ffff-1111-1111-111000000166', false, 'Rovníková Guinea', 'Rovníková Guinea', 'Gwinea Równikowa',NOW()),
('88881111-ffff-1111-1111-111000000167', false, 'Rumunsko', 'Rumunsko', 'Rumunia',NOW()),
('88881111-ffff-1111-1111-111000000168', false, 'Rusko', 'Rusko', 'Rosja',NOW()),
('88881111-ffff-1111-1111-111000000169', false, 'Rwanda', 'Rwanda', 'Rwanda',NOW()),
('88881111-ffff-1111-1111-111000000170', false, 'Salvádor', 'Salvador', 'Salwador',NOW()),
('88881111-ffff-1111-1111-111000000171', false, 'Samoa', 'Samoa', 'Samoa',NOW()),
('88881111-ffff-1111-1111-111000000172', false, 'San Maríno', 'San Marino', 'San Marino',NOW()),
('88881111-ffff-1111-1111-111000000173', false, 'Saudská Arábia', 'Saúdská Arábie', 'Arabia Saudyjska',NOW()),
('88881111-ffff-1111-1111-111000000174', false, 'Senegal', 'Senegal', 'Senegal',NOW()),
('88881111-ffff-1111-1111-111000000175', false, 'Severná Kórea', 'Severní Korea', 'Korea Północna',NOW()),
('88881111-ffff-1111-1111-111000000176', false, 'Severné Macedónsko', 'Severní Makedonie', 'Macedonia Północna',NOW()),
('88881111-ffff-1111-1111-111000000177', false, 'Seychely', 'Seychely', 'Seszele',NOW()),
('88881111-ffff-1111-1111-111000000178', false, 'Sierra Leone', 'Sierra Leone', 'Sierra Leone',NOW()),
('88881111-ffff-1111-1111-111000000179', false, 'Singapúr', 'Singapur', 'Singapur',NOW()),
('88881111-ffff-1111-1111-111000000180', false, 'Slovensko', 'Slovensko', 'Słowacja',NOW()),
('88881111-ffff-1111-1111-111000000181', false, 'Slovinsko', 'Slovinsko', 'Słowenia',NOW()),
('88881111-ffff-1111-1111-111000000182', false, 'Somálsko', 'Somálsko', 'Somalia',NOW()),
('88881111-ffff-1111-1111-111000000183', false, 'Spojené arabské emiráty', 'Spojené arabské emiráty', 'Zjednoczone Emiraty Arabskie',NOW()),
('88881111-ffff-1111-1111-111000000184', false, 'Srbsko', 'Srbsko', 'Serbia',NOW()),
('88881111-ffff-1111-1111-111000000185', false, 'Srí Lanka', 'Srí Lanka', 'Sri Lanka',NOW()),
('88881111-ffff-1111-1111-111000000186', false, 'Stredoafrická republika', 'Středoafrická republika', 'Republika Środkowoafrykańska',NOW()),
('88881111-ffff-1111-1111-111000000187', false, 'Sudán', 'Súdán', 'Sudan',NOW()),
('88881111-ffff-1111-1111-111000000188', false, 'Surinam', 'Surinam', 'Surinam',NOW()),
('88881111-ffff-1111-1111-111000000189', false, 'Svätá Lucia', 'Svatá Lucie', 'Saint Lucia',NOW()),
('88881111-ffff-1111-1111-111000000190', false, 'Svätý Krištof a Nevis', 'Svatý Kryštof a Nevis', 'Saint Kitts i Nevis',NOW()),
('88881111-ffff-1111-1111-111000000191', false, 'Svätý Tomáš a Princov ostrov', 'Svatý Tomáš a Princův ostrov', 'Wyspy Świętego Tomasza i Książęca',NOW()),
('88881111-ffff-1111-1111-111000000192', false, 'Svazijsko', 'Svazijsko', 'Eswatini',NOW()),
('88881111-ffff-1111-1111-111000000193', false, 'Sv. Bartolomej', 'Svatý Bartoloměj', 'Saint-Barthélemy',NOW()),
('88881111-ffff-1111-1111-111000000194', false, 'Svet', 'Svět', 'Świat',NOW()),
('88881111-ffff-1111-1111-111000000195', false, 'Sv. Martin', 'Svatý Martin', 'Saint-Martin',NOW()),
('88881111-ffff-1111-1111-111000000196', false, 'Sv. Vincent a Grenadíny', 'Svatý Vincenc a Grenadiny', 'Saint Vincent i Grenadyny',NOW()),
('88881111-ffff-1111-1111-111000000197', false, 'Sýria', 'Sýrie', 'Syria',NOW()),
('88881111-ffff-1111-1111-111000000198', false, 'Šalamúnove ostrovy', 'Šalomounovy ostrovy', 'Wyspy Salomona',NOW()),
('88881111-ffff-1111-1111-111000000199', false, 'Španielsko', 'Španělsko', 'Hiszpania',NOW()),
('88881111-ffff-1111-1111-111000000200', false, 'Švajčiarsko', 'Švýcarsko', 'Szwajcaria',NOW()),
('88881111-ffff-1111-1111-111000000201', false, 'Švédsko', 'Švédsko', 'Szwecja',NOW()),
('88881111-ffff-1111-1111-111000000202', false, 'Tadžikistan', 'Tádžikistán', 'Tadżykistan',NOW()),
('88881111-ffff-1111-1111-111000000203', false, 'Taiwan', 'Tchaj-wan', 'Tajwan',NOW()),
('88881111-ffff-1111-1111-111000000204', false, 'Taliansko', 'Itálie', 'Włochy',NOW()),
('88881111-ffff-1111-1111-111000000205', false, 'Tanzánia', 'Tanzanie', 'Tanzania',NOW()),
('88881111-ffff-1111-1111-111000000206', false, 'Thajsko', 'Thajsko', 'Tajlandia',NOW()),
('88881111-ffff-1111-1111-111000000207', false, 'Tibet', 'Tibet', 'Tybet',NOW()),
('88881111-ffff-1111-1111-111000000208', false, 'Togo', 'Togo', 'Togo',NOW()),
('88881111-ffff-1111-1111-111000000209', false, 'Tonga', 'Tonga', 'Tonga',NOW()),
('88881111-ffff-1111-1111-111000000210', false, 'Trinidad a Tobago', 'Trinidad a Tobago', 'Trynidad i Tobago',NOW()),
('88881111-ffff-1111-1111-111000000211', false, 'Tunisko', 'Tunisko', 'Tunezja',NOW()),
('88881111-ffff-1111-1111-111000000212', false, 'Turecko', 'Turecko', 'Turcja',NOW()),
('88881111-ffff-1111-1111-111000000213', false, 'Turkménsko', 'Turkmenistán', 'Turkmenistan',NOW()),
('88881111-ffff-1111-1111-111000000214', false, 'Turks a Caicos', 'Turks a Caicos', 'Turks i Caicos',NOW()),
('88881111-ffff-1111-1111-111000000215', false, 'Tuvalu', 'Tuvalu', 'Tuvalu',NOW()),
('88881111-ffff-1111-1111-111000000216', false, 'Uganda', 'Uganda', 'Uganda',NOW()),
('88881111-ffff-1111-1111-111000000217', false, 'Ukrajina', 'Ukrajina', 'Ukraina',NOW()),
('88881111-ffff-1111-1111-111000000218', false, 'Uruguaj', 'Uruguay', 'Urugwaj',NOW()),
('88881111-ffff-1111-1111-111000000219', false, 'USA', 'USA', 'Stany Zjednoczone',NOW()),
('88881111-ffff-1111-1111-111000000220', false, 'Uzbekistan', 'Uzbekistán', 'Uzbekistan',NOW()),
('88881111-ffff-1111-1111-111000000221', false, 'Vanuatu', 'Vanuatu', 'Vanuatu',NOW()),
('88881111-ffff-1111-1111-111000000222', false, 'Vatikán', 'Vatikán', 'Watykan',NOW()),
('88881111-ffff-1111-1111-111000000223', false, 'Veľká Británia', 'Velká Británie', 'Wielka Brytania',NOW()),
('88881111-ffff-1111-1111-111000000224', false, 'Venezuela', 'Venezuela', 'Wenezuela',NOW()),
('88881111-ffff-1111-1111-111000000225', false, 'Vietnam', 'Vietnam', 'Wietnam',NOW()),
('88881111-ffff-1111-1111-111000000226', false, 'Východný Timor', 'Východní Timor', 'Timor Wschodni',NOW()),
('88881111-ffff-1111-1111-111000000227', false, 'Wallis a Futuna', 'Wallis a Futuna', 'Wallis i Futuna',NOW()),
('88881111-ffff-1111-1111-111000000228', false, 'Zambia', 'Zambie', 'Zambia',NOW()),
('88881111-ffff-1111-1111-111000000229', false, 'Zanzibar', 'Zanzibar', 'Zanzibar',NOW()),
('88881111-ffff-1111-1111-111000000230', false, 'Západná Sahara', 'Západní Sahara', 'Sahara Zachodnia',NOW()),
('88881111-ffff-1111-1111-111000000231', false, 'Zimbabwe', 'Zimbabwe', 'Zimbabwe',NOW());


INSERT INTO jobstate (Id, Name, Code, CreatedAt) VALUES
 ('79d6890e-44fc-486b-94df-4110245aa9e5', 'Naplánovaný', 'SCHEDULED',NOW()),
 ('581aa506-dc1e-461d-9008-d5aaff41ac47', 'Spracováva sa', 'PROCESSING',NOW()),
 ('62a78299-d9da-461f-8a15-3b84b02dd446', 'Spracovaný', 'FINISHED',NOW()),
 ('1fc57a49-b17b-48cc-b5e7-5983873b65d3', 'Systémová chyba', 'SYSTEM_ERROR',NOW()),
 ('42d02a4e-0122-4c9e-a9f5-35eee9b2635c', 'Zrušený', 'CANCELED',NOW());

 INSERT INTO jobcode (Id, Code, Name, Description, CreatedAt) VALUES
 ('45491f82-4a03-4a4c-b0b9-d77bfd6a8582','01','Import dat Invia.sk','ImportDat invia.sk',NOW());

 INSERT INTO job (Id,Name, JobCodeId, jobStateId, ScheduledTime, InputParameters, Description, CreatedAt ) VALUES
('45491f82-3333-3333-3333-000bfd000001','ImportInvia_FM','45491f82-4a03-4a4c-b0b9-d77bfd6a8582', '79d6890e-44fc-486b-94df-4110245aa9e5', '2025-02-28 23:00:00', '{"url":"https://affil.invia.sk/direct/core/tool_xml-feed/download/id/8548540-67c1c02a82ffc/", "minutes":"15"}', 'Import DB Invia.sk',NOW());

INSERT INTO Locality (Id, CountryId, ParentLocalityId, nameLocalitySk, NameLocalityCz, NameLocalityPl,CreatedAt)
VALUES
('11111111-ffff-1111-1111-111000000001', '88881111-ffff-1111-1111-111000000002', NULL, 'Albánska riviéra', 'Albánská riviéra', 'Albańska Riviera', NOW()),
('11111111-ffff-1111-1111-111000000002', '88881111-ffff-1111-1111-111000000002', NULL, 'Durrës', 'Durrës', 'Durrës', NOW()),
('11111111-ffff-1111-1111-111000000003', '88881111-ffff-1111-1111-111000000002', NULL, 'Pobřeží Jónského moře', 'Pobřeží Jónského moře', 'Wybrzeże Jońskie', NOW()),
('11111111-ffff-1111-1111-111000000004', '88881111-ffff-1111-1111-111000000002', NULL, 'Saranda', 'Saranda', 'Saranda', NOW()),
('11111111-ffff-1111-1111-111000000005', '88881111-ffff-1111-1111-111000000002', NULL, 'Tirana', 'Tirana', 'Tirana', NOW()),
('11111111-ffff-1111-1111-111000000006', '88881111-ffff-1111-1111-111000000009', NULL, 'Buenos Aires', 'Buenos Aires', 'Buenos Aires', NOW()),
('11111111-ffff-1111-1111-111000000008', '88881111-ffff-1111-1111-111000000012', NULL, 'Eagle Beach', 'Eagle Beach', 'Eagle Beach', NOW()),
('11111111-ffff-1111-1111-111000000009', '88881111-ffff-1111-1111-111000000012', NULL, 'Palm Beach', 'Palm Beach', 'Palm Beach', NOW()),
('11111111-ffff-1111-1111-111000000010', '88881111-ffff-1111-1111-111000000013', NULL, 'Cairns', 'Cairns', 'Cairns', NOW()),
('11111111-ffff-1111-1111-111000000011', '88881111-ffff-1111-1111-111000000013', NULL, 'Melbourne', 'Melbourne', 'Melbourne', NOW()),
('11111111-ffff-1111-1111-111000000012', '88881111-ffff-1111-1111-111000000013', NULL, 'Queensland', 'Queensland', 'Queensland', NOW()),
('11111111-ffff-1111-1111-111000000013', '88881111-ffff-1111-1111-111000000018', NULL, 'Kuta Beach', 'Kuta Beach', 'Kuta Beach', NOW()),
('11111111-ffff-1111-1111-111000000014', '88881111-ffff-1111-1111-111000000018', NULL, 'Nusa Dua Beach', 'Nusa Dua Beach', 'Plaża Nusa Dua', NOW()),
('11111111-ffff-1111-1111-111000000015', '88881111-ffff-1111-1111-111000000018', NULL, 'Sanur', 'Sanur', 'Sanur', NOW()),
('11111111-ffff-1111-1111-111000000016', '88881111-ffff-1111-1111-111000000018', NULL, 'Seminyak', 'Seminyak', 'Seminyak', NOW()),
('11111111-ffff-1111-1111-111000000017', '88881111-ffff-1111-1111-111000000018', NULL, 'Ubud', 'Ubud', 'Ubud', NOW()),
('11111111-ffff-1111-1111-111000000018', '88881111-ffff-1111-1111-111000000020', NULL, 'St. Lawrence Gap', 'St. Lawrence Gap', 'St. Lawrence Gap', NOW()),
('11111111-ffff-1111-1111-111000000019', '88881111-ffff-1111-1111-111000000022', NULL, 'Brusel', 'Brusel', 'Bruksela', NOW()),
('11111111-ffff-1111-1111-111000000020', '88881111-ffff-1111-1111-111000000022', NULL, 'Vlámsko', 'Vlámsko', 'Flandria', NOW()),
('11111111-ffff-1111-1111-111000000021', '88881111-ffff-1111-1111-111000000027', NULL, 'Tupiza', 'Tupiza', 'Tupiza', NOW()),
('11111111-ffff-1111-1111-111000000022', '88881111-ffff-1111-1111-111000000029', NULL, 'Neum', 'Neum', 'Neum', NOW()),
('11111111-ffff-1111-1111-111000000023', '88881111-ffff-1111-1111-111000000030', NULL, 'Brazília', 'Brazílie', 'Brazylia', NOW()),
('11111111-ffff-1111-1111-111000000024', '88881111-ffff-1111-1111-111000000030', NULL, 'Amazónia', 'Amazonie', 'Amazonia', NOW()),
('11111111-ffff-1111-1111-111000000025', '88881111-ffff-1111-1111-111000000030', NULL, 'Bahia', 'Bahia', 'Bahia', NOW()),
('11111111-ffff-1111-1111-111000000026', '88881111-ffff-1111-1111-111000000030', NULL, 'Buzios', 'Búzios', 'Búzios', NOW()),
('11111111-ffff-1111-1111-111000000027', '88881111-ffff-1111-1111-111000000030', NULL, 'Ceará', 'Ceará', 'Ceará', NOW()),
('11111111-ffff-1111-1111-111000000028', '88881111-ffff-1111-1111-111000000030', NULL, 'Fortaleza', 'Fortaleza', 'Fortaleza', NOW()),
('11111111-ffff-1111-1111-111000000029', '88881111-ffff-1111-1111-111000000030', NULL, 'Natal', 'Natal', 'Natal', NOW()),
('11111111-ffff-1111-1111-111000000030', '88881111-ffff-1111-1111-111000000030', NULL, 'Paraná', 'Paraná', 'Paraná', NOW()),
('11111111-ffff-1111-1111-111000000031', '88881111-ffff-1111-1111-111000000030', NULL, 'Pernambuco', 'Pernambuco', 'Pernambuco', NOW()),
('11111111-ffff-1111-1111-111000000032', '88881111-ffff-1111-1111-111000000030', NULL, 'Porto das Dunas', 'Porto das Dunas', 'Porto das Dunas', NOW()),
('11111111-ffff-1111-1111-111000000033', '88881111-ffff-1111-1111-111000000030', NULL, 'Praia das Fontes', 'Praia das Fontes', 'Plaża das Fontes', NOW()),
('11111111-ffff-1111-1111-111000000034', '88881111-ffff-1111-1111-111000000030', NULL, 'Rio De Janeiro', 'Rio de Janeiro', 'Rio de Janeiro', NOW()),
('11111111-ffff-1111-1111-111000000035', '88881111-ffff-1111-1111-111000000030', NULL, 'Sao Paulo', 'São Paulo', 'São Paulo', NOW()),
('11111111-ffff-1111-1111-111000000036', '88881111-ffff-1111-1111-111000000033', NULL, 'Achtopol', 'Achtopol', 'Achtopol', NOW()),
('11111111-ffff-1111-1111-111000000037', '88881111-ffff-1111-1111-111000000033', NULL, 'Albena', 'Albena', 'Albena', NOW()),
('11111111-ffff-1111-1111-111000000038', '88881111-ffff-1111-1111-111000000033', NULL, 'Balčik', 'Balčik', 'Balczik', NOW()),
('11111111-ffff-1111-1111-111000000039', '88881111-ffff-1111-1111-111000000033', NULL, 'Bansko', 'Bansko', 'Bansko', NOW()),
('11111111-ffff-1111-1111-111000000040', '88881111-ffff-1111-1111-111000000033', NULL, 'Bjala', 'Bjala', 'Bjala', NOW()),
('11111111-ffff-1111-1111-111000000041', '88881111-ffff-1111-1111-111000000033', NULL, 'Burgas', 'Burgas', 'Burgas', NOW()),
('11111111-ffff-1111-1111-111000000042', '88881111-ffff-1111-1111-111000000033', NULL, 'Carevo', 'Carevo', 'Carevo', NOW()),
('11111111-ffff-1111-1111-111000000043', '88881111-ffff-1111-1111-111000000033', NULL, 'Čiernomorec', 'Černomorec', 'Czarnomorze', NOW()),
('11111111-ffff-1111-1111-111000000044', '88881111-ffff-1111-1111-111000000033', NULL, 'Djuni', 'Džuni', 'Dżuni', NOW()),
('11111111-ffff-1111-1111-111000000045', '88881111-ffff-1111-1111-111000000033', NULL, 'Elenite', 'Elenite', 'Elenite', NOW()),
('11111111-ffff-1111-1111-111000000046', '88881111-ffff-1111-1111-111000000033', NULL, 'Kiten', 'Kiten', 'Kiten', NOW()),
('11111111-ffff-1111-1111-111000000047', '88881111-ffff-1111-1111-111000000033', NULL, 'Krajmorie', 'Krajmorie', 'Krajmorie', NOW()),
('11111111-ffff-1111-1111-111000000048', '88881111-ffff-1111-1111-111000000033', NULL, 'Kranevo', 'Kranevo', 'Kranevo', NOW()),
('11111111-ffff-1111-1111-111000000049', '88881111-ffff-1111-1111-111000000033', NULL, 'Lozenec', 'Lozenec', 'Lozenec', NOW()),
('11111111-ffff-1111-1111-111000000050', '88881111-ffff-1111-1111-111000000033', NULL, 'Nesebar', 'Nesebar', 'Nesebar', NOW()),
('11111111-ffff-1111-1111-111000000051', '88881111-ffff-1111-1111-111000000033', NULL, 'Obzor', 'Obzor', 'Obzor', NOW()),
('11111111-ffff-1111-1111-111000000052', '88881111-ffff-1111-1111-111000000033', NULL, 'Pamporovo', 'Pamporovo', 'Pamporowo', NOW()),
('11111111-ffff-1111-1111-111000000053', '88881111-ffff-1111-1111-111000000033', NULL, 'Pomorie', 'Pomorie', 'Pomorie', NOW()),
('11111111-ffff-1111-1111-111000000054', '88881111-ffff-1111-1111-111000000033', NULL, 'Prímorsko', 'Primorsko', 'Primorsko', NOW()),
('11111111-ffff-1111-1111-111000000055', '88881111-ffff-1111-1111-111000000033', NULL, 'Ravda', 'Ravda', 'Ravda', NOW()),
('11111111-ffff-1111-1111-111000000056', '88881111-ffff-1111-1111-111000000033', NULL, 'Sinemorec', 'Sinemorec', 'Sinemorec', NOW()),
('11111111-ffff-1111-1111-111000000057', '88881111-ffff-1111-1111-111000000033', NULL, 'Slnečné Pobrežie', 'Sluneční Pobřeží', 'Słoneczna Plaża', NOW()),
('11111111-ffff-1111-1111-111000000058', '88881111-ffff-1111-1111-111000000033', NULL, 'Sofia', 'Sofia', 'Sofia', NOW()),
('11111111-ffff-1111-1111-111000000059', '88881111-ffff-1111-1111-111000000033', NULL, 'Sozopol', 'Sozopol', 'Sozopol', NOW()),
('11111111-ffff-1111-1111-111000000060', '88881111-ffff-1111-1111-111000000033', NULL, 'Sveti Vlas', 'Sveti Vlas', 'Święty Własz', NOW()),
('11111111-ffff-1111-1111-111000000061', '88881111-ffff-1111-1111-111000000033', NULL, 'Sv. Konštantín', 'Sv. Konstantin', 'Św. Konstantyn', NOW()),
('11111111-ffff-1111-1111-111000000062', '88881111-ffff-1111-1111-111000000033', NULL, 'Varna', 'Varna', 'Warna', NOW()),
('11111111-ffff-1111-1111-111000000063', '88881111-ffff-1111-1111-111000000033', NULL, 'Zlaté Piesky', 'Zlaté Písky', 'Złote Piaski', NOW()),
('11111111-ffff-1111-1111-111000000064', '88881111-ffff-1111-1111-111000000038', NULL, 'Ayia Napa', 'Ayia Napa', 'Ayia Napa', NOW()),
('11111111-ffff-1111-1111-111000000065', '88881111-ffff-1111-1111-111000000038', NULL, 'Coral Bay', 'Coral Bay', 'Coral Bay', NOW()),
('11111111-ffff-1111-1111-111000000066', '88881111-ffff-1111-1111-111000000038', NULL, 'Kissonerga', 'Kissonerga', 'Kissonerga', NOW()),
('11111111-ffff-1111-1111-111000000067', '88881111-ffff-1111-1111-111000000038', NULL, 'Larnaca', 'Larnaka', 'Larnaka', NOW()),
('11111111-ffff-1111-1111-111000000068', '88881111-ffff-1111-1111-111000000038', NULL, 'Limassol', 'Limassol', 'Limassol', NOW()),
('11111111-ffff-1111-1111-111000000069', '88881111-ffff-1111-1111-111000000038', NULL, 'Nicosia', 'Nikósie', 'Nikozja', NOW()),
('11111111-ffff-1111-1111-111000000070', '88881111-ffff-1111-1111-111000000038', NULL, 'Paphos (Pafos)', 'Pafos', 'Pafos', NOW()),
('11111111-ffff-1111-1111-111000000071', '88881111-ffff-1111-1111-111000000038', NULL, 'Protaras', 'Protaras', 'Protaras', NOW()),
('11111111-ffff-1111-1111-111000000072', '88881111-ffff-1111-1111-111000000038', NULL, 'Severný Cyprus', 'Severní Kypr', 'Północny Cypr', NOW()),
('11111111-ffff-1111-1111-111000000073', '88881111-ffff-1111-1111-111000000040', NULL, 'Beskydy', 'Beskydy', 'Beskidy', NOW()),
('11111111-ffff-1111-1111-111000000074', '88881111-ffff-1111-1111-111000000040', NULL, 'Broumovsko', 'Broumovsko', 'Broumovsko', NOW()),
('11111111-ffff-1111-1111-111000000075', '88881111-ffff-1111-1111-111000000040', NULL, 'Český Raj', 'Český ráj', 'Czeski Raj', NOW()),
('11111111-ffff-1111-1111-111000000076', '88881111-ffff-1111-1111-111000000040', NULL, 'Drahanská vrchovina', 'Drahanská vrchovina', 'Wzgórza Drahanskie', NOW()),
('11111111-ffff-1111-1111-111000000077', '88881111-ffff-1111-1111-111000000040', NULL, 'Jeseníky', 'Jeseníky', 'Jeseniki', NOW()),
('11111111-ffff-1111-1111-111000000078', '88881111-ffff-1111-1111-111000000040', NULL, 'Jizerské hory', 'Jizerské hory', 'Góry Izerskie', NOW()),
('11111111-ffff-1111-1111-111000000079', '88881111-ffff-1111-1111-111000000040', NULL, 'Južná Morava', 'Jižní Morava', 'Południowa Morawa', NOW()),
('11111111-ffff-1111-1111-111000000080', '88881111-ffff-1111-1111-111000000040', NULL, 'Južné Čechy', 'Jižní Čechy', 'Południowe Czechy', NOW()),
('11111111-ffff-1111-1111-111000000081', '88881111-ffff-1111-1111-111000000040', NULL, 'Krkonoše', 'Krkonošsko', 'Karkonosze', NOW()),
('11111111-ffff-1111-1111-111000000082', '88881111-ffff-1111-1111-111000000040', NULL, 'Krušné Hory', 'Krušné hory', 'Góry Krużne', NOW()),
('11111111-ffff-1111-1111-111000000083', '88881111-ffff-1111-1111-111000000040', NULL, 'Lipno', 'Lipno', 'Lipno', NOW()),
('11111111-ffff-1111-1111-111000000084', '88881111-ffff-1111-1111-111000000040', NULL, 'Moravský kras', 'Moravský kras', 'Morawski Kras', NOW()),
('11111111-ffff-1111-1111-111000000085', '88881111-ffff-1111-1111-111000000040', NULL, 'Orlické hory', 'Orlické hory', 'Góry Orlickie', NOW()),
('11111111-ffff-1111-1111-111000000086', '88881111-ffff-1111-1111-111000000040', NULL, 'Praha a okolie', 'Praha a okolí', 'Praga i okolice', NOW()),
('11111111-ffff-1111-1111-111000000087', '88881111-ffff-1111-1111-111000000040', NULL, 'Severná Morava', 'Severní Morava', 'Północna Morawa', NOW()),
('11111111-ffff-1111-1111-111000000088', '88881111-ffff-1111-1111-111000000040', NULL, 'Severné Čechy', 'Severní Čechy', 'Północne Czechy', NOW()),
('11111111-ffff-1111-1111-111000000089', '88881111-ffff-1111-1111-111000000040', NULL, 'Stredná Morava', 'Střední Morava', 'Środkowa Morawa', NOW()),
('11111111-ffff-1111-1111-111000000090', '88881111-ffff-1111-1111-111000000040', NULL, 'Stredné Čechy', 'Střední Čechy', 'Środkowe Czechy', NOW()),
('11111111-ffff-1111-1111-111000000091', '88881111-ffff-1111-1111-111000000040', NULL, 'Šumava', 'Šumava', 'Szumawa', NOW()),
('11111111-ffff-1111-1111-111000000092', '88881111-ffff-1111-1111-111000000040', NULL, 'Valašsko', 'Valašsko', 'Walaachy', NOW()),
('11111111-ffff-1111-1111-111000000093', '88881111-ffff-1111-1111-111000000040', NULL, 'Východné Čechy', 'Východní Čechy', 'Wschodnie Czechy', NOW()),
('11111111-ffff-1111-1111-111000000094', '88881111-ffff-1111-1111-111000000040', NULL, 'Vysočina', 'Vysočina', 'Wysoczyzna', NOW()),
('11111111-ffff-1111-1111-111000000095', '88881111-ffff-1111-1111-111000000040', NULL, 'Západné Čechy', 'Západní Čechy', 'Zachodnie Czechy', NOW()),
('11111111-ffff-1111-1111-111000000096', '88881111-ffff-1111-1111-111000000041', NULL, 'Bar', 'Bar', 'Bar', NOW()),
('11111111-ffff-1111-1111-111000000097', '88881111-ffff-1111-1111-111000000041', NULL, 'Bečiči', 'Bečiči', 'Bečići', NOW()),
('11111111-ffff-1111-1111-111000000098', '88881111-ffff-1111-1111-111000000041', NULL, 'Budva', 'Budva', 'Budva', NOW()),
('11111111-ffff-1111-1111-111000000099', '88881111-ffff-1111-1111-111000000041', NULL, 'Herceg Novi', 'Herceg Novi', 'Herceg Novi', NOW()),
('11111111-ffff-1111-1111-111000000100', '88881111-ffff-1111-1111-111000000041', NULL, 'Petrovac', 'Petrovac', 'Petrovac', NOW()),
('11111111-ffff-1111-1111-111000000101', '88881111-ffff-1111-1111-111000000041', NULL, 'Sutomore', 'Sutomore', 'Sutomore', NOW()),
('11111111-ffff-1111-1111-111000000102', '88881111-ffff-1111-1111-111000000041', NULL, 'Svätý Štefan', 'Sveti Stefan', 'Święty Stefan', NOW()),
('11111111-ffff-1111-1111-111000000103', '88881111-ffff-1111-1111-111000000041', NULL, 'Tivat', 'Tivat', 'Tivat', NOW()),
('11111111-ffff-1111-1111-111000000104', '88881111-ffff-1111-1111-111000000041', NULL, 'Ulcinj', 'Ulcinj', 'Ulcinj', NOW()),
('11111111-ffff-1111-1111-111000000105', '88881111-ffff-1111-1111-111000000042', NULL, 'Hongkong', 'Hongkong', 'Hongkong', NOW()),
('11111111-ffff-1111-1111-111000000106', '88881111-ffff-1111-1111-111000000042', NULL, 'Chaj-nan', 'Chaj-nan', 'Hainan', NOW()),
('11111111-ffff-1111-1111-111000000108', '88881111-ffff-1111-1111-111000000042', NULL, 'Peking', 'Peking', 'Pekin', NOW()),
('11111111-ffff-1111-1111-111000000109', '88881111-ffff-1111-1111-111000000043', NULL, 'Kodaň', 'Kodaň', 'Kopenhaga', NOW()),
('11111111-ffff-1111-1111-111000000110', '88881111-ffff-1111-1111-111000000043', NULL, 'Faerské ostrovy', 'Faerské ostrovy', 'Wyspy Owcze', NOW()),
('11111111-ffff-1111-1111-111000000111', '88881111-ffff-1111-1111-111000000159', NULL, 'Bayahibe', 'Bayahibe', 'Bayahibe', NOW()),
('11111111-ffff-1111-1111-111000000112', '88881111-ffff-1111-1111-111000000159', NULL, 'Boca Chica', 'Boca Chica', 'Boca Chica', NOW()),
('11111111-ffff-1111-1111-111000000113', '88881111-ffff-1111-1111-111000000159', NULL, 'Juan Dolio', 'Juan Dolio', 'Juan Dolio', NOW()),
('11111111-ffff-1111-1111-111000000114', '88881111-ffff-1111-1111-111000000159', NULL, 'La Romana', 'La Romana', 'La Romana', NOW()),
('11111111-ffff-1111-1111-111000000115', '88881111-ffff-1111-1111-111000000159', NULL, 'Polostrov Samana', 'Polostrov Samana', 'Półwysep Samaná', NOW()),
('11111111-ffff-1111-1111-111000000116', '88881111-ffff-1111-1111-111000000159', NULL, 'Puerto Plata', 'Puerto Plata', 'Puerto Plata', NOW()),
('11111111-ffff-1111-1111-111000000117', '88881111-ffff-1111-1111-111000000159', NULL, 'Punta Cana', 'Punta Cana', 'Punta Cana', NOW()),
('11111111-ffff-1111-1111-111000000118', '88881111-ffff-1111-1111-111000000159', NULL, 'Santo Domingo', 'Santo Domingo', 'Santo Domingo', NOW()),
('11111111-ffff-1111-1111-111000000119', '88881111-ffff-1111-1111-111000000046', NULL, 'Ain Soukhna', 'Ain Soukhna', 'Ain Soukhna', NOW()),
('11111111-ffff-1111-1111-111000000120', '88881111-ffff-1111-1111-111000000046', NULL, 'Alexandria', 'Alexandria', 'Aleksandria', NOW()),
('11111111-ffff-1111-1111-111000000121', '88881111-ffff-1111-1111-111000000046', NULL, 'Dahab', 'Dahab', 'Dahab', NOW()),
('11111111-ffff-1111-1111-111000000122', '88881111-ffff-1111-1111-111000000046', NULL, 'Hurghada', 'Hurghada', 'Hurghada', NOW()),
('11111111-ffff-1111-1111-111000000123', '88881111-ffff-1111-1111-111000000046', NULL, 'Káhira', 'Káhira', 'Kair', NOW()),
('11111111-ffff-1111-1111-111000000124', '88881111-ffff-1111-1111-111000000046', NULL, 'Marsa Alam', 'Marsa Alam', 'Marsa Alam', NOW()),
('11111111-ffff-1111-1111-111000000125', '88881111-ffff-1111-1111-111000000046', NULL, 'Marsa Matrouh', 'Marsa Matrouh', 'Marsa Matruh', NOW()),
('11111111-ffff-1111-1111-111000000126', '88881111-ffff-1111-1111-111000000046', NULL, 'Sahl Hasheesh', 'Sahl Hasheesh', 'Sahl Hasheesh', NOW()),
('11111111-ffff-1111-1111-111000000127', '88881111-ffff-1111-1111-111000000046', NULL, 'Sharm El Sheikh', 'Sharm El Sheikh', 'Szarm El-Szejk', NOW()),
('11111111-ffff-1111-1111-111000000128', '88881111-ffff-1111-1111-111000000046', NULL, 'Taba', 'Taba', 'Taba', NOW()),
('11111111-ffff-1111-1111-111000000129', '88881111-ffff-1111-1111-111000000049', NULL, 'Läänemaa', 'Läänemaa', 'Läänemaa', NOW()),
('11111111-ffff-1111-1111-111000000130', '88881111-ffff-1111-1111-111000000049', NULL, 'Mõhu', 'Mõhu', 'Mõhu', NOW()),
('11111111-ffff-1111-1111-111000000131', '88881111-ffff-1111-1111-111000000049', NULL, 'Tallin', 'Tallin', 'Tallin', NOW()),
('11111111-ffff-1111-1111-111000000132', '88881111-ffff-1111-1111-111000000049', NULL, 'Virumaa', 'Virumaa', 'Virumaa', NOW()),
('11111111-ffff-1111-1111-111000000133', '88881111-ffff-1111-1111-111000000052', NULL, 'Mamanuca', 'Mamanuca', 'Mamanuca', NOW()),
('11111111-ffff-1111-1111-111000000134', '88881111-ffff-1111-1111-111000000052', NULL, 'Viti Levu', 'Viti Levu', 'Viti Levu', NOW()),
('11111111-ffff-1111-1111-111000000135', '88881111-ffff-1111-1111-111000000053', NULL, 'Malay - ostrov Boracay', 'Malay - ostrov Boracay', 'Malay - wyspa Boracay', NOW()),
('11111111-ffff-1111-1111-111000000136', '88881111-ffff-1111-1111-111000000053', NULL, 'Ostrov Cebu/Mactan', 'Ostrov Cebu/Mactan', 'Wyspa Cebu/Mactan', NOW()),
('11111111-ffff-1111-1111-111000000137', '88881111-ffff-1111-1111-111000000056', NULL, 'Bora Bora', 'Bora Bora', 'Bora Bora', NOW()),
('11111111-ffff-1111-1111-111000000138', '88881111-ffff-1111-1111-111000000056', NULL, 'Huahine', 'Huahine', 'Huahine', NOW()),
('11111111-ffff-1111-1111-111000000139', '88881111-ffff-1111-1111-111000000056', NULL, 'Moorea', 'Moorea', 'Moorea', NOW()),
('11111111-ffff-1111-1111-111000000140', '88881111-ffff-1111-1111-111000000056', NULL, 'Raiatea', 'Raiatea', 'Raiatea', NOW()),
('11111111-ffff-1111-1111-111000000141', '88881111-ffff-1111-1111-111000000056', NULL, 'Tahiti', 'Tahiti', 'Tahiti', NOW()),
('11111111-ffff-1111-1111-111000000142', '88881111-ffff-1111-1111-111000000057', NULL, 'Akvitánia', 'Akvitánie', 'Akwitania', NOW()),
('11111111-ffff-1111-1111-111000000143', '88881111-ffff-1111-1111-111000000057', NULL, 'Alsasko', 'Alsasko', 'Alzacja', NOW()),
('11111111-ffff-1111-1111-111000000144', '88881111-ffff-1111-1111-111000000057', NULL, 'Azúrove pobrežie (Francúzska riviéra)', 'Azúrové pobřeží (Francouzská riviéra)', 'Lazurowe Wybrzeże (Riwiera Francuska)', NOW()),
('11111111-ffff-1111-1111-111000000145', '88881111-ffff-1111-1111-111000000057', NULL, 'Bretónsko', 'Bretagne', 'Bretania', NOW()),
('11111111-ffff-1111-1111-111000000146', '88881111-ffff-1111-1111-111000000057', NULL, 'Burgundsko', 'Burgundsko', 'Burgundia', NOW()),
('11111111-ffff-1111-1111-111000000147', '88881111-ffff-1111-1111-111000000057', NULL, 'Costa Plana', 'Costa Plana', 'Costa Plana', NOW()),
('11111111-ffff-1111-1111-111000000148', '88881111-ffff-1111-1111-111000000057', NULL, 'Flaine', 'Flaine', 'Flaine', NOW()),
('11111111-ffff-1111-1111-111000000149', '88881111-ffff-1111-1111-111000000057', NULL, 'Francúzske Alpy', 'Francouzské Alpy', 'Alpy Francuskie', NOW()),
('11111111-ffff-1111-1111-111000000150', '88881111-ffff-1111-1111-111000000057', NULL, 'Korzika', 'Korsika', 'Korsyka', NOW()),
('11111111-ffff-1111-1111-111000000151', '88881111-ffff-1111-1111-111000000057', NULL, 'La Foret Blanche', 'La Forêt Blanche', 'La Foret Blanche', NOW()),
('11111111-ffff-1111-1111-111000000152', '88881111-ffff-1111-1111-111000000057', NULL, 'La Grave', 'La Grave', 'La Grave', NOW()),
('11111111-ffff-1111-1111-111000000153', '88881111-ffff-1111-1111-111000000057', NULL, 'Languedoc - Roussillon', 'Languedoc - Roussillon', 'Languedoc - Roussillon', NOW()),
('11111111-ffff-1111-1111-111000000154', '88881111-ffff-1111-1111-111000000057', NULL, 'Lyon', 'Lyon', 'Lyon', NOW()),
('11111111-ffff-1111-1111-111000000155', '88881111-ffff-1111-1111-111000000057', NULL, 'Maine - Anjou', 'Maine - Anjou', 'Maine - Anjou', NOW()),
('11111111-ffff-1111-1111-111000000156', '88881111-ffff-1111-1111-111000000057', NULL, 'Normandia', 'Normandie', 'Normandia', NOW()),
('11111111-ffff-1111-1111-111000000157', '88881111-ffff-1111-1111-111000000057', NULL, 'Paríž', 'Paříž', 'Paryż', NOW()),
('11111111-ffff-1111-1111-111000000158', '88881111-ffff-1111-1111-111000000057', NULL, 'Provencia', 'Provence', 'Prowansja', NOW()),
('11111111-ffff-1111-1111-111000000159', '88881111-ffff-1111-1111-111000000057', NULL, 'Pyreneje', 'Pyreneje', 'Pireneje', NOW()),
('11111111-ffff-1111-1111-111000000160', '88881111-ffff-1111-1111-111000000061', NULL, 'Grécke ostrovy', 'Řecké ostrovy', 'Wyspy greckie', NOW()),
('11111111-ffff-1111-1111-111000000161', '88881111-ffff-1111-1111-111000000061', '11111111-ffff-1111-1111-111000000105', 'Alonissos', 'Alonissos', 'Alonissos', NOW()),
('11111111-ffff-1111-1111-111000000162', '88881111-ffff-1111-1111-111000000061', '11111111-ffff-1111-1111-111000000105', 'Evia', 'Evia', 'Evia', NOW()),
('11111111-ffff-1111-1111-111000000163', '88881111-ffff-1111-1111-111000000061', '11111111-ffff-1111-1111-111000000105', 'Chios', 'Chios', 'Chios', NOW()),
('11111111-ffff-1111-1111-111000000164', '88881111-ffff-1111-1111-111000000061', '11111111-ffff-1111-1111-111000000105', 'Ios', 'Ios', 'Ios', NOW()),
('11111111-ffff-1111-1111-111000000165', '88881111-ffff-1111-1111-111000000061', '11111111-ffff-1111-1111-111000000105', 'Ithaka', 'Ithaka', 'Ithaka', NOW()),
('11111111-ffff-1111-1111-111000000166', '88881111-ffff-1111-1111-111000000061', '11111111-ffff-1111-1111-111000000105', 'Kalymnos', 'Kalymnos', 'Kalymnos', NOW()),
('11111111-ffff-1111-1111-111000000167', '88881111-ffff-1111-1111-111000000061', '11111111-ffff-1111-1111-111000000105', 'Karpathos', 'Karpathos', 'Karpatos', NOW()),
('11111111-ffff-1111-1111-111000000168', '88881111-ffff-1111-1111-111000000061', '11111111-ffff-1111-1111-111000000105', 'Kefalónia', 'Kefalónie', 'Kefalonia', NOW()),
('11111111-ffff-1111-1111-111000000169', '88881111-ffff-1111-1111-111000000061', '11111111-ffff-1111-1111-111000000105', 'Korfu', 'Korfu', 'Korfu', NOW()),
('11111111-ffff-1111-1111-111000000170', '88881111-ffff-1111-1111-111000000061', '11111111-ffff-1111-1111-111000000105', 'Kos', 'Kos', 'Kos', NOW()),
('11111111-ffff-1111-1111-111000000171', '88881111-ffff-1111-1111-111000000061', '11111111-ffff-1111-1111-111000000105', 'Kréta', 'Kréta', 'Kreta', NOW()),
('11111111-ffff-1111-1111-111000000172', '88881111-ffff-1111-1111-111000000061', '11111111-ffff-1111-1111-111000000105', 'Kythira', 'Kythira', 'Kythira', NOW()),
('11111111-ffff-1111-1111-111000000173', '88881111-ffff-1111-1111-111000000061', '11111111-ffff-1111-1111-111000000105', 'Lefkada', 'Lefkada', 'Lefkada', NOW()),
('11111111-ffff-1111-1111-111000000174', '88881111-ffff-1111-1111-111000000061', '11111111-ffff-1111-1111-111000000105', 'Lesbos', 'Lesbos', 'Lesbos', NOW()),
('11111111-ffff-1111-1111-111000000175', '88881111-ffff-1111-1111-111000000061', '11111111-ffff-1111-1111-111000000105', 'Limnos', 'Limnos', 'Limnos', NOW()),
('11111111-ffff-1111-1111-111000000176', '88881111-ffff-1111-1111-111000000061', '11111111-ffff-1111-1111-111000000105', 'Mykonos', 'Mykonos', 'Mykonos', NOW()),
('11111111-ffff-1111-1111-111000000177', '88881111-ffff-1111-1111-111000000061', '11111111-ffff-1111-1111-111000000105', 'Naxos', 'Naxos', 'Naksos', NOW()),
('11111111-ffff-1111-1111-111000000178', '88881111-ffff-1111-1111-111000000061', '11111111-ffff-1111-1111-111000000105', 'Nisyros', 'Nisyros', 'Nisyros', NOW()),
('11111111-ffff-1111-1111-111000000179', '88881111-ffff-1111-1111-111000000061', '11111111-ffff-1111-1111-111000000105', 'Paros', 'Paros', 'Paros', NOW()),
('11111111-ffff-1111-1111-111000000180', '88881111-ffff-1111-1111-111000000061', '11111111-ffff-1111-1111-111000000105', 'Paxi', 'Paxi', 'Paksi', NOW()),
('11111111-ffff-1111-1111-111000000181', '88881111-ffff-1111-1111-111000000061', '11111111-ffff-1111-1111-111000000105', 'Rodos', 'Rhodos', 'Rodos', NOW()),
('11111111-ffff-1111-1111-111000000182', '88881111-ffff-1111-1111-111000000061', '11111111-ffff-1111-1111-111000000105', 'Samos', 'Samos', 'Samos', NOW()),
('11111111-ffff-1111-1111-111000000183', '88881111-ffff-1111-1111-111000000061', '11111111-ffff-1111-1111-111000000105', 'Santorini', 'Santorini', 'Santorini', NOW()),
('11111111-ffff-1111-1111-111000000184', '88881111-ffff-1111-1111-111000000061', '11111111-ffff-1111-1111-111000000105', 'Severné Sporady', 'Severní Sporady', 'Północne Sporady', NOW()),
('11111111-ffff-1111-1111-111000000185', '88881111-ffff-1111-1111-111000000061', '11111111-ffff-1111-1111-111000000105', 'Skiathos', 'Skiathos', 'Skiathos', NOW()),
('11111111-ffff-1111-1111-111000000186', '88881111-ffff-1111-1111-111000000061', '11111111-ffff-1111-1111-111000000105', 'Skopelos', 'Skopelos', 'Skopelos', NOW()),
('11111111-ffff-1111-1111-111000000187', '88881111-ffff-1111-1111-111000000061', '11111111-ffff-1111-1111-111000000105', 'Skyros', 'Skyros', 'Skyros', NOW()),
('11111111-ffff-1111-1111-111000000188', '88881111-ffff-1111-1111-111000000061', '11111111-ffff-1111-1111-111000000105', 'Symi', 'Symi', 'Symi', NOW()),
('11111111-ffff-1111-1111-111000000189', '88881111-ffff-1111-1111-111000000061', '11111111-ffff-1111-1111-111000000105', 'Thassos', 'Thassos', 'Tasos', NOW()),
('11111111-ffff-1111-1111-111000000190', '88881111-ffff-1111-1111-111000000061', '11111111-ffff-1111-1111-111000000105', 'Zakynthos', 'Zakynthos', 'Zakintos', NOW()),
('11111111-ffff-1111-1111-111000000191', '88881111-ffff-1111-1111-111000000061', NULL, 'Grécko pevnina', 'Řecká pevnina', 'Grecja kontynentalna', NOW()),
('11111111-ffff-1111-1111-111000000192', '88881111-ffff-1111-1111-111000000061', '11111111-ffff-1111-1111-111000000136', 'Atény a okolie', 'Atény a okolí', 'Ateny i okolice', NOW()),
('11111111-ffff-1111-1111-111000000193', '88881111-ffff-1111-1111-111000000061', '11111111-ffff-1111-1111-111000000136', 'Attika', 'Attika', 'Attika', NOW()),
('11111111-ffff-1111-1111-111000000194', '88881111-ffff-1111-1111-111000000061', '11111111-ffff-1111-1111-111000000136', 'Epirus', 'Epirus', 'Epirus', NOW()),
('11111111-ffff-1111-1111-111000000195', '88881111-ffff-1111-1111-111000000061', '11111111-ffff-1111-1111-111000000136', 'Chalkidiki', 'Chalkidiki', 'Chalkidiki', NOW()),
('11111111-ffff-1111-1111-111000000196', '88881111-ffff-1111-1111-111000000061', '11111111-ffff-1111-1111-111000000136', 'Olympská riviéra', 'Olympská riviéra', 'Riwiera Olimpijska', NOW()),
('11111111-ffff-1111-1111-111000000197', '88881111-ffff-1111-1111-111000000061', '11111111-ffff-1111-1111-111000000136', 'Peloponéz', 'Peloponés', 'Peloponez', NOW()),
('11111111-ffff-1111-1111-111000000198', '88881111-ffff-1111-1111-111000000061', '11111111-ffff-1111-1111-111000000136', 'Solún', 'Soluň', 'Saloniki', NOW()),
('11111111-ffff-1111-1111-111000000199', '88881111-ffff-1111-1111-111000000064', NULL, 'Gruzínsko', 'Gruzie', 'Gruzja', NOW()),
('11111111-ffff-1111-1111-111000000200', '88881111-ffff-1111-1111-111000000064', NULL, 'Adžárie', 'Adžárie', 'Adżaria', NOW()),
('11111111-ffff-1111-1111-111000000201', '88881111-ffff-1111-1111-111000000064', NULL, 'Tbilisi', 'Tbilisi', 'Tbilisi', NOW()),
('11111111-ffff-1111-1111-111000000202', '88881111-ffff-1111-1111-111000000065', NULL, 'Basse Terre', 'Basse Terre', 'Basse Terre', NOW()),
('11111111-ffff-1111-1111-111000000203', '88881111-ffff-1111-1111-111000000065', NULL, 'Gosier', 'Gosier', 'Gosier', NOW()),
('11111111-ffff-1111-1111-111000000204', '88881111-ffff-1111-1111-111000000065', NULL, 'Grande Terre', 'Grande Terre', 'Grande Terre', NOW()),
('11111111-ffff-1111-1111-111000000205', '88881111-ffff-1111-1111-111000000065', NULL, 'Saint Barthelemy', 'Saint Barthélemy', 'Saint Barthelemy', NOW()),
('11111111-ffff-1111-1111-111000000206', '88881111-ffff-1111-1111-111000000071', NULL, 'Amsterdam', 'Amsterdam', 'Amsterdam', NOW()),
('11111111-ffff-1111-1111-111000000208', '88881111-ffff-1111-1111-111000000002', NULL, 'Dillí', 'Dillí', 'Delhi', NOW()),
('11111111-ffff-1111-1111-111000000209', '88881111-ffff-1111-1111-111000000002', NULL, 'Goa', 'Goa', 'Goa', NOW()),
('11111111-ffff-1111-1111-111000000210', '88881111-ffff-1111-1111-111000000002', NULL, 'Kerala', 'Kerala', 'Kerala', NOW()),
('11111111-ffff-1111-1111-111000000211', '88881111-ffff-1111-1111-111000000075', NULL, 'Istria', 'Istrie', 'Istria', NOW()),
('11111111-ffff-1111-1111-111000000212', '88881111-ffff-1111-1111-111000000075', NULL, 'Južná Dalmácia', 'Jižní Dalmácie', 'Południowa Dalmacja', NOW()),
('11111111-ffff-1111-1111-111000000213', '88881111-ffff-1111-1111-111000000075', NULL, 'Kvarner', 'Kvarner', 'Kvarner', NOW()),
('11111111-ffff-1111-1111-111000000214', '88881111-ffff-1111-1111-111000000075', NULL, 'Lanterna', 'Lanterna', 'Latarnia', NOW()),
('11111111-ffff-1111-1111-111000000215', '88881111-ffff-1111-1111-111000000075', NULL, 'Makarská riviéra', 'Makarská riviéra', 'Riwiera Makarska', NOW()),
('11111111-ffff-1111-1111-111000000216', '88881111-ffff-1111-1111-111000000075', NULL, 'Plitvické jazerá', 'Plitvická jezera', 'Jeziora Plitwickie', NOW()),
('11111111-ffff-1111-1111-111000000217', '88881111-ffff-1111-1111-111000000075', NULL, 'Severná Dalmácia', 'Severní Dalmácie', 'Północna Dalmacja', NOW()),
('11111111-ffff-1111-1111-111000000218', '88881111-ffff-1111-1111-111000000075', NULL, 'Stredná Dalmácia', 'Střední Dalmácie', 'Środkowa Dalmacja', NOW()),
('11111111-ffff-1111-1111-111000000219', '88881111-ffff-1111-1111-111000000075', NULL, 'Záhreb', 'Záhřeb', 'Zagrzeb', NOW()),
('11111111-ffff-1111-1111-111000000220', '88881111-ffff-1111-1111-111000000075', '11111111-ffff-1111-1111-111000000101', 'Novigrad', 'Novigrad', 'Novigrad', NOW()),
('11111111-ffff-1111-1111-111000000221', '88881111-ffff-1111-1111-111000000075', '11111111-ffff-1111-1111-111000000101', 'Poreč', 'Poreč', 'Poreč', NOW()),
('11111111-ffff-1111-1111-111000000222', '88881111-ffff-1111-1111-111000000075', '11111111-ffff-1111-1111-111000000101', 'Pula', 'Pula', 'Pula', NOW()),
('11111111-ffff-1111-1111-111000000223', '88881111-ffff-1111-1111-111000000075', '11111111-ffff-1111-1111-111000000101', 'Rabac', 'Rabac', 'Rabac', NOW()),
('11111111-ffff-1111-1111-111000000224', '88881111-ffff-1111-1111-111000000075', '11111111-ffff-1111-1111-111000000101', 'Rovinj', 'Rovinj', 'Rovinj', NOW()),
('11111111-ffff-1111-1111-111000000225', '88881111-ffff-1111-1111-111000000075', '11111111-ffff-1111-1111-111000000101', 'Umag', 'Umag', 'Umag', NOW()),
('11111111-ffff-1111-1111-111000000226', '88881111-ffff-1111-1111-111000000075', '11111111-ffff-1111-1111-111000000102', 'Dubrovník', 'Dubrovník', 'Dubrovnik', NOW()),
('11111111-ffff-1111-1111-111000000227', '88881111-ffff-1111-1111-111000000075', '11111111-ffff-1111-1111-111000000102', 'Korčuľa', 'Korčula', 'Korčula', NOW()),
('11111111-ffff-1111-1111-111000000228', '88881111-ffff-1111-1111-111000000075', '11111111-ffff-1111-1111-111000000102', 'Orebič', 'Orebić', 'Orebić', NOW()),
('11111111-ffff-1111-1111-111000000229', '88881111-ffff-1111-1111-111000000075', '11111111-ffff-1111-1111-111000000102', 'Pelješac', 'Pelješac', 'Pelješac', NOW()),
('11111111-ffff-1111-1111-111000000230', '88881111-ffff-1111-1111-111000000075', '11111111-ffff-1111-1111-111000000103', 'Crikvenica', 'Crikvenica', 'Crikvenica', NOW()),
('11111111-ffff-1111-1111-111000000231', '88881111-ffff-1111-1111-111000000075', '11111111-ffff-1111-1111-111000000103', 'Krk', 'Krk', 'Krk', NOW()),
('11111111-ffff-1111-1111-111000000232', '88881111-ffff-1111-1111-111000000075', '11111111-ffff-1111-1111-111000000103', 'Lošinj', 'Lošinj', 'Lošinj', NOW()),
('11111111-ffff-1111-1111-111000000233', '88881111-ffff-1111-1111-111000000075', '11111111-ffff-1111-1111-111000000103', 'Rab', 'Rab', 'Rab', NOW()),
('11111111-ffff-1111-1111-111000000234', '88881111-ffff-1111-1111-111000000075', '11111111-ffff-1111-1111-111000000108', 'Brač', 'Brač', 'Brač', NOW()),
('11111111-ffff-1111-1111-111000000235', '88881111-ffff-1111-1111-111000000075', '11111111-ffff-1111-1111-111000000108', 'Hvar', 'Hvar', 'Hvar', NOW()),
('11111111-ffff-1111-1111-111000000236', '88881111-ffff-1111-1111-111000000075', '11111111-ffff-1111-1111-111000000108', 'Omiš', 'Omiš', 'Omiš', NOW()),
('11111111-ffff-1111-1111-111000000237', '88881111-ffff-1111-1111-111000000075', '11111111-ffff-1111-1111-111000000108', 'Split', 'Split', 'Split', NOW()),
('11111111-ffff-1111-1111-111000000238', '88881111-ffff-1111-1111-111000000075', '11111111-ffff-1111-1111-111000000108', 'Trogir', 'Trogir', 'Trogir', NOW()),
('11111111-ffff-1111-1111-111000000239', '88881111-ffff-1111-1111-111000000077', NULL, 'Lombok', 'Lombok', 'Lombok', NOW()),
('11111111-ffff-1111-1111-111000000240', '88881111-ffff-1111-1111-111000000080', NULL, 'Cork', 'Cork', 'Cork', NOW()),
('11111111-ffff-1111-1111-111000000241', '88881111-ffff-1111-1111-111000000080', NULL, 'Dublin', 'Dublin', 'Dublin', NOW()),
('11111111-ffff-1111-1111-111000000242', '88881111-ffff-1111-1111-111000000081', NULL, 'Reykjavík', 'Reykjavík', 'Reykjavík', NOW()),
('11111111-ffff-1111-1111-111000000243', '88881111-ffff-1111-1111-111000000082', NULL, 'Eilat', 'Eilat', 'Eilat', NOW()),
('11111111-ffff-1111-1111-111000000244', '88881111-ffff-1111-1111-111000000082', NULL, 'Jeruzalém', 'Jeruzalém', 'Jerozolima', NOW()),
('11111111-ffff-1111-1111-111000000245', '88881111-ffff-1111-1111-111000000082', NULL, 'Tel Aviv', 'Tel Aviv', 'Tel Awiw', NOW()),
('11111111-ffff-1111-1111-111000000246', '88881111-ffff-1111-1111-111000000083', NULL, 'Discovery Bay', 'Discovery Bay', 'Discovery Bay', NOW()),
('11111111-ffff-1111-1111-111000000247', '88881111-ffff-1111-1111-111000000083', NULL, 'Montego Bay', 'Montego Bay', 'Montego Bay', NOW()),
('11111111-ffff-1111-1111-111000000248', '88881111-ffff-1111-1111-111000000083', NULL, 'Negril', 'Negril', 'Negril', NOW()),
('11111111-ffff-1111-1111-111000000249', '88881111-ffff-1111-1111-111000000083', NULL, 'Ocho Rios', 'Ocho Rios', 'Ocho Rios', NOW()),
('11111111-ffff-1111-1111-111000000250', '88881111-ffff-1111-1111-111000000083', NULL, 'Oracabessa', 'Oracabessa', 'Oracabessa', NOW()),
('11111111-ffff-1111-1111-111000000251', '88881111-ffff-1111-1111-111000000084', NULL, 'Okinawa', 'Okinawa', 'Okinawa', NOW()),
('11111111-ffff-1111-1111-111000000252', '88881111-ffff-1111-1111-111000000084', NULL, 'Tokio', 'Tokio', 'Tokio', NOW()),
('11111111-ffff-1111-1111-111000000253', '88881111-ffff-1111-1111-111000000086', NULL, 'Akaba', 'Akaba', 'Akaba', NOW()),
('11111111-ffff-1111-1111-111000000254', '88881111-ffff-1111-1111-111000000086', NULL, 'Ammán', 'Ammán', 'Ammán', NOW()),
('11111111-ffff-1111-1111-111000000255', '88881111-ffff-1111-1111-111000000086', NULL, 'Mŕtve more', 'Mŕtve more', 'Mŕtve more', NOW()),
('11111111-ffff-1111-1111-111000000256', '88881111-ffff-1111-1111-111000000087', NULL, 'Durban', 'Durban', 'Durban', NOW()),
('11111111-ffff-1111-1111-111000000257', '88881111-ffff-1111-1111-111000000087', NULL, 'Johannesburg', 'Johannesburg', 'Johannesburg', NOW()),
('11111111-ffff-1111-1111-111000000258', '88881111-ffff-1111-1111-111000000087', NULL, 'Kapské Mesto', 'Kapské Mesto', 'Kapské Mesto', NOW()),
('11111111-ffff-1111-1111-111000000259', '88881111-ffff-1111-1111-111000000090', NULL, 'Sihanoukville', 'Sihanoukville', 'Sihanoukville', NOW()),
('11111111-ffff-1111-1111-111000000260', '88881111-ffff-1111-1111-111000000092', NULL, 'Montreal', 'Montreal', 'Montreal', NOW()),
('11111111-ffff-1111-1111-111000000261', '88881111-ffff-1111-1111-111000000092', NULL, 'Ontario', 'Ontario', 'Ontario', NOW()),
('11111111-ffff-1111-1111-111000000262', '88881111-ffff-1111-1111-111000000092', NULL, 'Quebec', 'Quebec', 'Quebec', NOW()),
('11111111-ffff-1111-1111-111000000263', '88881111-ffff-1111-1111-111000000092', NULL, 'Toronto', 'Toronto', 'Toronto', NOW()),
('11111111-ffff-1111-1111-111000000264', '88881111-ffff-1111-1111-111000000093', NULL, 'El Hierro', 'El Hierro', 'El Hierro', NOW()),
('11111111-ffff-1111-1111-111000000265', '88881111-ffff-1111-1111-111000000093', NULL, 'Fuerteventura', 'Fuerteventura', 'Fuerteventura', NOW()),
('11111111-ffff-1111-1111-111000000266', '88881111-ffff-1111-1111-111000000093', NULL, 'Gran Canaria', 'Gran Canaria', 'Gran Canaria', NOW()),
('11111111-ffff-1111-1111-111000000267', '88881111-ffff-1111-1111-111000000093', NULL, 'La Gomera', 'La Gomera', 'La Gomera', NOW()),
('11111111-ffff-1111-1111-111000000268', '88881111-ffff-1111-1111-111000000093', NULL, 'Lanzarote', 'Lanzarote', 'Lanzarote', NOW()),
('11111111-ffff-1111-1111-111000000269', '88881111-ffff-1111-1111-111000000093', NULL, 'La Palma', 'La Palma', 'La Palma', NOW()),
('11111111-ffff-1111-1111-111000000270', '88881111-ffff-1111-1111-111000000093', NULL, 'Tenerife', 'Tenerife', 'Tenerife', NOW()),
('11111111-ffff-1111-1111-111000000271', '88881111-ffff-1111-1111-111000000094', NULL, 'Ostrov Boavista', 'Ostrov Boavista', 'Ostrov Boavista', NOW()),
('11111111-ffff-1111-1111-111000000272', '88881111-ffff-1111-1111-111000000094', NULL, 'Ostrov Sal', 'Ostrov Sal', 'Ostrov Sal', NOW()),
('11111111-ffff-1111-1111-111000000273', '88881111-ffff-1111-1111-111000000094', NULL, 'Ostrov Santiago', 'Ostrov Santiago', 'Ostrov Santiago', NOW()),
('11111111-ffff-1111-1111-111000000274', '88881111-ffff-1111-1111-111000000094', NULL, 'Ostrov Sao Vicente', 'Ostrov Sao Vicente', 'Ostrov Sao Vicente', NOW()),
('11111111-ffff-1111-1111-111000000275', '88881111-ffff-1111-1111-111000000095', NULL, 'Doha', 'Doha', 'Doha', NOW()),
('11111111-ffff-1111-1111-111000000276', '88881111-ffff-1111-1111-111000000097', NULL, 'Diani Beach', 'Diani Beach', 'Diani Beach', NOW()),
('11111111-ffff-1111-1111-111000000277', '88881111-ffff-1111-1111-111000000097', NULL, 'Malindi', 'Malindi', 'Malindi', NOW()),
('11111111-ffff-1111-1111-111000000278', '88881111-ffff-1111-1111-111000000097', NULL, 'Mombasa', 'Mombasa', 'Mombasa', NOW()),
('11111111-ffff-1111-1111-111000000279', '88881111-ffff-1111-1111-111000000097', NULL, 'Watamu', 'Watamu', 'Watamu', NOW()),
('11111111-ffff-1111-1111-111000000280', '88881111-ffff-1111-1111-111000000100', NULL, 'San Andrés', 'San Andrés', 'San Andrés', NOW()),
('11111111-ffff-1111-1111-111000000281', '88881111-ffff-1111-1111-111000000104', NULL, 'Guanacaste', 'Guanacaste', 'Guanacaste', NOW()),
('11111111-ffff-1111-1111-111000000282', '88881111-ffff-1111-1111-111000000104', NULL, 'Puntarenas', 'Puntarenas', 'Puntarenas', NOW()),
('11111111-ffff-1111-1111-111000000283', '88881111-ffff-1111-1111-111000000105', NULL, 'Cayo Coco', 'Cayo Coco', 'Cayo Coco', NOW()),
('11111111-ffff-1111-1111-111000000284', '88881111-ffff-1111-1111-111000000105', NULL, 'Cayo Guillermo', 'Cayo Guillermo', 'Cayo Guillermo', NOW()),
('11111111-ffff-1111-1111-111000000285', '88881111-ffff-1111-1111-111000000105', NULL, 'Cayo Largo', 'Cayo Largo', 'Cayo Largo', NOW()),
('11111111-ffff-1111-1111-111000000286', '88881111-ffff-1111-1111-111000000105', NULL, 'Cayo Santa Maria', 'Cayo Santa Maria', 'Cayo Santa Maria', NOW()),
('11111111-ffff-1111-1111-111000000287', '88881111-ffff-1111-1111-111000000105', NULL, 'Holguín', 'Holguín', 'Holguín', NOW()),
('11111111-ffff-1111-1111-111000000288', '88881111-ffff-1111-1111-111000000105', NULL, 'La Habana', 'La Habana', 'La Habana', NOW()),
('11111111-ffff-1111-1111-111000000289', '88881111-ffff-1111-1111-111000000105', NULL, 'Varadero', 'Varadero', 'Varadero', NOW()),
('11111111-ffff-1111-1111-111000000290', '88881111-ffff-1111-1111-111000000114', NULL, 'Livonsko', 'Livonsko', 'Livonsko', NOW()),
('11111111-ffff-1111-1111-111000000291', '88881111-ffff-1111-1111-111000000114', NULL, 'Riga', 'Riga', 'Riga', NOW()),
('11111111-ffff-1111-1111-111000000292', '88881111-ffff-1111-1111-111000000114', NULL, 'Zemgalsko', 'Zemgalsko', 'Zemgalsko', NOW()),
('11111111-ffff-1111-1111-111000000293', '88881111-ffff-1111-1111-111000000117', NULL, 'Balaton', 'Balaton', 'Balaton', NOW()),
('11111111-ffff-1111-1111-111000000294', '88881111-ffff-1111-1111-111000000117', NULL, 'Budapešť a okolie', 'Budapešť a okolie', 'Budapešť i okolí', NOW()),
('11111111-ffff-1111-1111-111000000295', '88881111-ffff-1111-1111-111000000117', NULL, 'Jazero Tisza', 'Jazero Tisza', 'Jezero Tisza', NOW()),
('11111111-ffff-1111-1111-111000000296', '88881111-ffff-1111-1111-111000000117', NULL, 'Južná Dolná Zem', 'Južná Dolná Zem', 'Jižní Dolní Zem', NOW()),
('11111111-ffff-1111-1111-111000000297', '88881111-ffff-1111-1111-111000000117', NULL, 'Južné Zadunajsko', 'Južné Zadunajsko', 'Jižní Zadunajsko', NOW()),
('11111111-ffff-1111-1111-111000000298', '88881111-ffff-1111-1111-111000000117', NULL, 'Maďarské termálne kúpele', 'Maďarské termálne kúpele', 'Maďarské termální lázně', NOW()),
('11111111-ffff-1111-1111-111000000299', '88881111-ffff-1111-1111-111000000117', NULL, 'Severná Dolná Zem', 'Severná Dolná Zem', 'Severní Dolní Zem', NOW()),
('11111111-ffff-1111-1111-111000000300', '88881111-ffff-1111-1111-111000000117', NULL, 'Severné Maďarsko', 'Severné Maďarsko', 'Severní Maďarsko', NOW()),
('11111111-ffff-1111-1111-111000000301', '88881111-ffff-1111-1111-111000000117', NULL, 'Stredné Zadunajsko', 'Stredné Zadunajsko', 'Střední Zadunajsko', NOW()),
('11111111-ffff-1111-1111-111000000302', '88881111-ffff-1111-1111-111000000117', NULL, 'Západné Zadunajsko', 'Západné Zadunajsko', 'Západní Zadunajsko', NOW()),
('11111111-ffff-1111-1111-111000000303', '88881111-ffff-1111-1111-111000000119', NULL, 'Calheta', 'Calheta', 'Calheta', NOW()),
('11111111-ffff-1111-1111-111000000304', '88881111-ffff-1111-1111-111000000119', NULL, 'Caniço', 'Caniço', 'Caniço', NOW()),
('11111111-ffff-1111-1111-111000000305', '88881111-ffff-1111-1111-111000000119', NULL, 'Funchal', 'Funchal', 'Funchal', NOW()),
('11111111-ffff-1111-1111-111000000306', '88881111-ffff-1111-1111-111000000119', NULL, 'Machico', 'Machico', 'Machico', NOW()),
('11111111-ffff-1111-1111-111000000308', '88881111-ffff-1111-1111-111000000119', NULL, 'Paul do Mar', 'Paul do Mar', 'Paul do Mar', NOW()),
('11111111-ffff-1111-1111-111000000309', '88881111-ffff-1111-1111-111000000119', NULL, 'Santana', 'Santana', 'Santana', NOW()),
('11111111-ffff-1111-1111-111000000310', '88881111-ffff-1111-1111-111000000120', NULL, 'Borneo', 'Borneo', 'Borneo', NOW()),
('11111111-ffff-1111-1111-111000000311', '88881111-ffff-1111-1111-111000000120', NULL, 'Langkawi', 'Langkawi', 'Langkawi', NOW()),
('11111111-ffff-1111-1111-111000000312', '88881111-ffff-1111-1111-111000000120', NULL, 'Penang', 'Penang', 'Penang', NOW()),
('11111111-ffff-1111-1111-111000000313', '88881111-ffff-1111-1111-111000000120', NULL, 'Tioman', 'Tioman', 'Tioman', NOW()),
('11111111-ffff-1111-1111-111000000314', '88881111-ffff-1111-1111-111000000122', NULL, 'Atol Ari', 'Atol Ari', 'Atol Ari', NOW()),
('11111111-ffff-1111-1111-111000000315', '88881111-ffff-1111-1111-111000000122', NULL, 'Južný Atol Male', 'Južný Atol Male', 'Jižní Atol Male', NOW()),
('11111111-ffff-1111-1111-111000000316', '88881111-ffff-1111-1111-111000000122', NULL, 'Kaafu Atol', 'Kaafu Atol', 'Kaafu Atol', NOW()),
('11111111-ffff-1111-1111-111000000317', '88881111-ffff-1111-1111-111000000122', NULL, 'Lhaviyani Atol', 'Lhaviyani Atol', 'Lhaviyani Atol', NOW()),
('11111111-ffff-1111-1111-111000000318', '88881111-ffff-1111-1111-111000000122', NULL, 'Severný Atol Male', 'Severný Atol Male', 'Severní Atol Male', NOW()),
('11111111-ffff-1111-1111-111000000319', '88881111-ffff-1111-1111-111000000124', NULL, 'Bugibba a Qawra', 'Bugibba a Qawra', 'Bugibba a Qawra', NOW()),
('11111111-ffff-1111-1111-111000000320', '88881111-ffff-1111-1111-111000000124', NULL, 'Cirkewwa', 'Cirkewwa', 'Cirkewwa', NOW()),
('11111111-ffff-1111-1111-111000000321', '88881111-ffff-1111-1111-111000000124', NULL, 'Marfa', 'Marfa', 'Marfa', NOW()),
('11111111-ffff-1111-1111-111000000322', '88881111-ffff-1111-1111-111000000124', NULL, 'Mellieha', 'Mellieha', 'Mellieha', NOW()),
('11111111-ffff-1111-1111-111000000323', '88881111-ffff-1111-1111-111000000124', NULL, 'Ostrov Gozo', 'Ostrov Gozo', 'Wyspa Gozo', NOW()),
('11111111-ffff-1111-1111-111000000324', '88881111-ffff-1111-1111-111000000124', NULL, 'Sliema', 'Sliema', 'Sliema', NOW()),
('11111111-ffff-1111-1111-111000000325', '88881111-ffff-1111-1111-111000000124', NULL, 'St. Julian', 'St. Julian', 'St. Julian', NOW()),
('11111111-ffff-1111-1111-111000000326', '88881111-ffff-1111-1111-111000000124', NULL, 'Valletta', 'Valletta', 'Valletta', NOW()),
('11111111-ffff-1111-1111-111000000327', '88881111-ffff-1111-1111-111000000125', NULL, 'Agadir', 'Agadir', 'Agadir', NOW()),
('11111111-ffff-1111-1111-111000000328', '88881111-ffff-1111-1111-111000000125', NULL, 'Fes', 'Fes', 'Fes', NOW()),
('11111111-ffff-1111-1111-111000000329', '88881111-ffff-1111-1111-111000000125', NULL, 'Marákeš', 'Marákeš', 'Marrakech', NOW()),
('11111111-ffff-1111-1111-111000000330', '88881111-ffff-1111-1111-111000000125', NULL, 'Rabat', 'Rabat', 'Rabat', NOW()),
('11111111-ffff-1111-1111-111000000331', '88881111-ffff-1111-1111-111000000125', NULL, 'Saidia', 'Saidia', 'Saidia', NOW()),
('11111111-ffff-1111-1111-111000000332', '88881111-ffff-1111-1111-111000000125', NULL, 'Vysoký Atlas', 'Vysoký Atlas', 'Vysoký Atlas', NOW()),
('11111111-ffff-1111-1111-111000000333', '88881111-ffff-1111-1111-111000000127', NULL, 'Les Trois Ilets', 'Les Trois Ilets', 'Les Trois Ilets', NOW()),
('11111111-ffff-1111-1111-111000000334', '88881111-ffff-1111-1111-111000000127', NULL, 'Poloostrov Caravelle', 'Poloostrov Caravelle', 'Półwysep Caravelle', NOW()),
('11111111-ffff-1111-1111-111000000335', '88881111-ffff-1111-1111-111000000127', NULL, 'Ste. Luce', 'Ste. Luce', 'Ste. Luce', NOW()),
('11111111-ffff-1111-1111-111000000336', '88881111-ffff-1111-1111-111000000128', NULL, 'Balaclava', 'Balaclava', 'Balaclava', NOW()),
('11111111-ffff-1111-1111-111000000337', '88881111-ffff-1111-1111-111000000128', NULL, 'Belle Mare', 'Belle Mare', 'Belle Mare', NOW()),
('11111111-ffff-1111-1111-111000000338', '88881111-ffff-1111-1111-111000000128', NULL, 'Blue Bay', 'Blue Bay', 'Blue Bay', NOW()),
('11111111-ffff-1111-1111-111000000339', '88881111-ffff-1111-1111-111000000128', NULL, 'Flic en Flac', 'Flic en Flac', 'Flic en Flac', NOW()),
('11111111-ffff-1111-1111-111000000340', '88881111-ffff-1111-1111-111000000128', NULL, 'Grand Baie', 'Grand Baie', 'Grand Baie', NOW()),
('11111111-ffff-1111-1111-111000000341', '88881111-ffff-1111-1111-111000000128', NULL, 'Grand Gaube', 'Grand Gaube', 'Grand Gaube', NOW()),
('11111111-ffff-1111-1111-111000000342', '88881111-ffff-1111-1111-111000000128', NULL, 'Grand Riviere', 'Grand Riviere', 'Grand Riviere', NOW()),
('11111111-ffff-1111-1111-111000000343', '88881111-ffff-1111-1111-111000000128', NULL, 'Le Morne', 'Le Morne', 'Le Morne', NOW()),
('11111111-ffff-1111-1111-111000000344', '88881111-ffff-1111-1111-111000000128', NULL, 'Tamarin', 'Tamarin', 'Tamarin', NOW()),
('11111111-ffff-1111-1111-111000000345', '88881111-ffff-1111-1111-111000000128', NULL, 'Trou aux Biches', 'Trou aux Biches', 'Trou aux Biches', NOW()),
('11111111-ffff-1111-1111-111000000346', '88881111-ffff-1111-1111-111000000131', NULL, 'Acapulco', 'Acapulco', 'Acapulco', NOW()),
('11111111-ffff-1111-1111-111000000347', '88881111-ffff-1111-1111-111000000131', NULL, 'Baja California', 'Baja California', 'Baja California', NOW()),
('11111111-ffff-1111-1111-111000000348', '88881111-ffff-1111-1111-111000000131', NULL, 'Cancún', 'Cancún', 'Cancún', NOW()),
('11111111-ffff-1111-1111-111000000349', '88881111-ffff-1111-1111-111000000131', NULL, 'Ciudad de México', 'Ciudad de México', 'Ciudad de México', NOW()),
('11111111-ffff-1111-1111-111000000350', '88881111-ffff-1111-1111-111000000131', NULL, 'Playa del Carmen', 'Playa del Carmen', 'Playa del Carmen', NOW()),
('11111111-ffff-1111-1111-111000000351', '88881111-ffff-1111-1111-111000000131', NULL, 'Riviera Maya', 'Riviera Maya', 'Riviera Maya', NOW()),
('11111111-ffff-1111-1111-111000000352', '88881111-ffff-1111-1111-111000000131', NULL, 'Yucatán', 'Yucatán', 'Yucatán', NOW()),
('11111111-ffff-1111-1111-111000000353', '88881111-ffff-1111-1111-111000000144', NULL, 'Bergen', 'Bergen', 'Bergen', NOW()),
('11111111-ffff-1111-1111-111000000354', '88881111-ffff-1111-1111-111000000144', NULL, 'Oslo', 'Oslo', 'Oslo', NOW()),
('11111111-ffff-1111-1111-111000000355', '88881111-ffff-1111-1111-111000000144', NULL, 'Trondheim', 'Trondheim', 'Trondheim', NOW()),
('11111111-ffff-1111-1111-111000000356', '88881111-ffff-1111-1111-111000000146', NULL, 'Auckland', 'Auckland', 'Auckland', NOW()),
('11111111-ffff-1111-1111-111000000357', '88881111-ffff-1111-1111-111000000147', NULL, 'Barka', 'Barka', 'Barka', NOW()),
('11111111-ffff-1111-1111-111000000358', '88881111-ffff-1111-1111-111000000147', NULL, 'Muscat', 'Muscat', 'Muscat', NOW()),
('11111111-ffff-1111-1111-111000000359', '88881111-ffff-1111-1111-111000000147', NULL, 'Salalah', 'Salalah', 'Salalah', NOW()),
('11111111-ffff-1111-1111-111000000360', '88881111-ffff-1111-1111-111000000147', NULL, 'Sur', 'Sur', 'Sur', NOW()),
('11111111-ffff-1111-1111-111000000361', '88881111-ffff-1111-1111-111000000156', NULL, 'Baltské more', 'Baltské more', 'Morze Bałtyckie', NOW()),
('11111111-ffff-1111-1111-111000000362', '88881111-ffff-1111-1111-111000000156', NULL, 'Beskydy', 'Beskydy', 'Beskidy', NOW()),
('11111111-ffff-1111-1111-111000000363', '88881111-ffff-1111-1111-111000000156', NULL, 'Bieszczady', 'Bieszczady', 'Bieszczady', NOW()),
('11111111-ffff-1111-1111-111000000364', '88881111-ffff-1111-1111-111000000156', NULL, 'Dolní Slezsko', 'Dolní Slezsko', 'Dolny Śląsk', NOW()),
('11111111-ffff-1111-1111-111000000365', '88881111-ffff-1111-1111-111000000156', NULL, 'Krakov', 'Krakov', 'Kraków', NOW()),
('11111111-ffff-1111-1111-111000000366', '88881111-ffff-1111-1111-111000000156', NULL, 'Kujavsko', 'Kujavsko', 'Kujawy', NOW()),
('11111111-ffff-1111-1111-111000000367', '88881111-ffff-1111-1111-111000000156', NULL, 'Lodžské vojvodství', 'Lodžské vojvodství', 'Województwo Łódzkie', NOW()),
('11111111-ffff-1111-1111-111000000368', '88881111-ffff-1111-1111-111000000156', NULL, 'Lublinské vojvodství', 'Lublinské vojvodství', 'Województwo Lubelskie', NOW()),
('11111111-ffff-1111-1111-111000000369', '88881111-ffff-1111-1111-111000000156', NULL, 'Lubušské vojvodství', 'Lubušské vojvodství', 'Województwo Lubuskie', NOW()),
('11111111-ffff-1111-1111-111000000370', '88881111-ffff-1111-1111-111000000156', NULL, 'Malopolsko', 'Malopolsko', 'Małopolska', NOW()),
('11111111-ffff-1111-1111-111000000371', '88881111-ffff-1111-1111-111000000156', NULL, 'Mazovsko', 'Mazovsko', 'Mazowsze', NOW()),
('11111111-ffff-1111-1111-111000000372', '88881111-ffff-1111-1111-111000000156', NULL, 'Mazury', 'Mazury', 'Mazury', NOW()),
('11111111-ffff-1111-1111-111000000373', '88881111-ffff-1111-1111-111000000156', NULL, 'Opolské vojvodství', 'Opolské vojvodství', 'Województwo Opolskie', NOW()),
('11111111-ffff-1111-1111-111000000374', '88881111-ffff-1111-1111-111000000156', NULL, 'Podkarpatské vojvodství', 'Podkarpatské vojvodství', 'Województwo Podkarpackie', NOW()),
('11111111-ffff-1111-1111-111000000375', '88881111-ffff-1111-1111-111000000156', NULL, 'Podleské vojvodství', 'Podleské vojvodství', 'Województwo Podlaskie', NOW()),
('11111111-ffff-1111-1111-111000000376', '88881111-ffff-1111-1111-111000000156', NULL, 'Polské Pieniny', 'Polské Pieniny', 'Pieniny Polskie', NOW()),
('11111111-ffff-1111-1111-111000000377', '88881111-ffff-1111-1111-111000000156', NULL, 'Polské Tatry', 'Polské Tatry', 'Tatry Polskie', NOW()),
('11111111-ffff-1111-1111-111000000378', '88881111-ffff-1111-1111-111000000156', NULL, 'Pomořansko', 'Pomořansko', 'Pomorze', NOW()),
('11111111-ffff-1111-1111-111000000379', '88881111-ffff-1111-1111-111000000156', NULL, 'Slezsko', 'Slezsko', 'Śląsk', NOW()),
('11111111-ffff-1111-1111-111000000380', '88881111-ffff-1111-1111-111000000156', NULL, 'Sudety', 'Sudety', 'Sudety', NOW()),
('11111111-ffff-1111-1111-111000000381', '88881111-ffff-1111-1111-111000000156', NULL, 'Svatokřížské vojvodství', 'Svatokřížské vojvodství', 'Województwo Świętokrzyskie', NOW()),
('11111111-ffff-1111-1111-111000000382', '88881111-ffff-1111-1111-111000000156', NULL, 'Varšava', 'Varšava', 'Warszawa', NOW()),
('11111111-ffff-1111-1111-111000000383', '88881111-ffff-1111-1111-111000000156', NULL, 'Velkopolsko', 'Velkopolsko', 'Wielkopolska', NOW()),
('11111111-ffff-1111-1111-111000000384', '88881111-ffff-1111-1111-111000000156', NULL, 'Západopomořanské vojvodství', 'Západopomořanské vojvodství', 'Województwo Zachodniopomorskie', NOW()),
('11111111-ffff-1111-1111-111000000385', '88881111-ffff-1111-1111-111000000158', NULL, 'Algarve', 'Algarve', 'Algarve', NOW()),
('11111111-ffff-1111-1111-111000000386', '88881111-ffff-1111-1111-111000000158', NULL, 'Azorské ostrovy', 'Azorské ostrovy', 'Azory', NOW()),
('11111111-ffff-1111-1111-111000000387', '88881111-ffff-1111-1111-111000000158', NULL, 'Estoril', 'Estoril', 'Estoril', NOW()),
('11111111-ffff-1111-1111-111000000388', '88881111-ffff-1111-1111-111000000158', NULL, 'Lisabon', 'Lisabon', 'Lizbona', NOW()),
('11111111-ffff-1111-1111-111000000389', '88881111-ffff-1111-1111-111000000163', NULL, 'La Saline les Bains', 'La Saline les Bains', 'La Saline les Bains', NOW()),
('11111111-ffff-1111-1111-111000000390', '88881111-ffff-1111-1111-111000000167', NULL, 'Bukurešť', 'Bukurešť', 'Bukareszt', NOW()),
('11111111-ffff-1111-1111-111000000391', '88881111-ffff-1111-1111-111000000167', NULL, 'Sinaia', 'Sinaia', 'Sinaia', NOW()),
('11111111-ffff-1111-1111-111000000392', '88881111-ffff-1111-1111-111000000168', NULL, 'Moskva', 'Moskva', 'Moskwa', NOW()),
('11111111-ffff-1111-1111-111000000393', '88881111-ffff-1111-1111-111000000168', NULL, 'Petrohrad', 'Petrohrad', 'Sankt Petersburg', NOW()),
('11111111-ffff-1111-1111-111000000394', '88881111-ffff-1111-1111-111000000177', NULL, 'La Digue', 'La Digue', 'La Digue', NOW()),
('11111111-ffff-1111-1111-111000000395', '88881111-ffff-1111-1111-111000000177', NULL, 'Mahé', 'Mahé', 'Mahé', NOW()),
('11111111-ffff-1111-1111-111000000396', '88881111-ffff-1111-1111-111000000177', NULL, 'mikroostrovy v Seychelách', 'mikroostrovy v Seychelách', 'Mikro Wyspy Seszeli', NOW()),
('11111111-ffff-1111-1111-111000000397', '88881111-ffff-1111-1111-111000000177', NULL, 'Praslin', 'Praslin', 'Praslin', NOW()),
('11111111-ffff-1111-1111-111000000398', '88881111-ffff-1111-1111-111000000181', NULL, 'Bled', 'Bled', 'Bled', NOW()),
('11111111-ffff-1111-1111-111000000399', '88881111-ffff-1111-1111-111000000181', NULL, 'Bohinj', 'Bohinj', 'Bohinj', NOW()),
('11111111-ffff-1111-1111-111000000400', '88881111-ffff-1111-1111-111000000181', NULL, 'Julské Alpy', 'Julské Alpy', 'Alpy Julijskie', NOW()),
('11111111-ffff-1111-1111-111000000401', '88881111-ffff-1111-1111-111000000181', NULL, 'Kranjska Gora', 'Kranjska Gora', 'Kranjska Gora', NOW()),
('11111111-ffff-1111-1111-111000000402', '88881111-ffff-1111-1111-111000000181', NULL, 'Ľubľana', 'Ľubľana', 'Lublana', NOW()),
('11111111-ffff-1111-1111-111000000403', '88881111-ffff-1111-1111-111000000181', NULL, 'Portorož', 'Portorož', 'Portoroż', NOW()),
('11111111-ffff-1111-1111-111000000404', '88881111-ffff-1111-1111-111000000181', NULL, 'Slovinské kúpele', 'Slovinské kúpele', 'Słoweńskie uzdrowiska', NOW()),
('11111111-ffff-1111-1111-111000000405', '88881111-ffff-1111-1111-111000000181', NULL, 'Slovinské pobřeží', 'Slovinské pobřeží', 'Słoweńskie wybrzeże', NOW()),
('11111111-ffff-1111-1111-111000000406', '88881111-ffff-1111-1111-111000000183', NULL, 'Abu Dhabi', 'Abu Dhabi', 'Abu Zabi', NOW()),
('11111111-ffff-1111-1111-111000000408', '88881111-ffff-1111-1111-111000000183', NULL, 'Ajman', 'Ajman', 'Ajman', NOW()),
('11111111-ffff-1111-1111-111000000409', '88881111-ffff-1111-1111-111000000183', NULL, 'Dubaj', 'Dubaj', 'Dubaj', NOW()),
('11111111-ffff-1111-1111-111000000410', '88881111-ffff-1111-1111-111000000183', NULL, 'Fujairah', 'Fujairah', 'Fudżajra', NOW()),
('11111111-ffff-1111-1111-111000000411', '88881111-ffff-1111-1111-111000000183', NULL, 'Ras Al Khaimah', 'Ras Al Khaimah', 'Ras al-Chajma', NOW()),
('11111111-ffff-1111-1111-111000000412', '88881111-ffff-1111-1111-111000000183', NULL, 'Sharjah', 'Sharjah', 'Szardża', NOW()),
('11111111-ffff-1111-1111-111000000413', '88881111-ffff-1111-1111-111000000183', NULL, 'Umm Al Quwain', 'Umm Al Quwain', 'Umm al-Kujwajn', NOW()),
('11111111-ffff-1111-1111-111000000414', '88881111-ffff-1111-1111-111000000185', NULL, 'Bentota', 'Bentota', 'Bentota', NOW()),
('11111111-ffff-1111-1111-111000000415', '88881111-ffff-1111-1111-111000000185', NULL, 'Beruwela', 'Beruwela', 'Beruwela', NOW()),
('11111111-ffff-1111-1111-111000000416', '88881111-ffff-1111-1111-111000000185', NULL, 'Centrální provincie', 'Centrální provincie', 'Prowincja Centralna', NOW()),
('11111111-ffff-1111-1111-111000000417', '88881111-ffff-1111-1111-111000000185', NULL, 'Colombo', 'Colombo', 'Colombo', NOW()),
('11111111-ffff-1111-1111-111000000418', '88881111-ffff-1111-1111-111000000185', NULL, 'Hikkaduwa', 'Hikkaduwa', 'Hikkaduwa', NOW()),
('11111111-ffff-1111-1111-111000000419', '88881111-ffff-1111-1111-111000000185', NULL, 'Induruwa', 'Induruwa', 'Induruwa', NOW()),
('11111111-ffff-1111-1111-111000000420', '88881111-ffff-1111-1111-111000000185', NULL, 'Jižní provincie', 'Jižní provincie', 'Prowincja Południowa', NOW()),
('11111111-ffff-1111-1111-111000000421', '88881111-ffff-1111-1111-111000000185', NULL, 'Kalutara', 'Kalutara', 'Kalutara', NOW()),
('11111111-ffff-1111-1111-111000000422', '88881111-ffff-1111-1111-111000000185', NULL, 'Koggala', 'Koggala', 'Koggala', NOW()),
('11111111-ffff-1111-1111-111000000423', '88881111-ffff-1111-1111-111000000185', NULL, 'Marawila', 'Marawila', 'Marawila', NOW()),
('11111111-ffff-1111-1111-111000000424', '88881111-ffff-1111-1111-111000000185', NULL, 'Negombo', 'Negombo', 'Negombo', NOW()),
('11111111-ffff-1111-1111-111000000425', '88881111-ffff-1111-1111-111000000185', NULL, 'Provincie Sabaragamuva', 'Provincie Sabaragamuva', 'Prowincja Sabaragamuva', NOW()),
('11111111-ffff-1111-1111-111000000426', '88881111-ffff-1111-1111-111000000185', NULL, 'Provincie Úva', 'Provincie Úva', 'Prowincja Uva', NOW()),
('11111111-ffff-1111-1111-111000000427', '88881111-ffff-1111-1111-111000000185', NULL, 'Severní provincie', 'Severní provincie', 'Prowincja Północna', NOW()),
('11111111-ffff-1111-1111-111000000428', '88881111-ffff-1111-1111-111000000185', NULL, 'Severocentrální provincie', 'Severocentrální provincie', 'Prowincja Centralno-Północna', NOW()),
('11111111-ffff-1111-1111-111000000429', '88881111-ffff-1111-1111-111000000185', NULL, 'Severozápadná provincia', 'Severozápadná provincia', 'Prowincja Północno-Zachodnia', NOW()),
('11111111-ffff-1111-1111-111000000430', '88881111-ffff-1111-1111-111000000185', NULL, 'Tangalla', 'Tangalla', 'Tangalla', NOW()),
('11111111-ffff-1111-1111-111000000431', '88881111-ffff-1111-1111-111000000185', NULL, 'Trincomalee', 'Trincomalee', 'Trincomalee', NOW()),
('11111111-ffff-1111-1111-111000000432', '88881111-ffff-1111-1111-111000000185', NULL, 'Unawatuna', 'Unawatuna', 'Unawatuna', NOW()),
('11111111-ffff-1111-1111-111000000433', '88881111-ffff-1111-1111-111000000185', NULL, 'Východní provincie', 'Východní provincie', 'Prowincja Wschodnia', NOW()),
('11111111-ffff-1111-1111-111000000434', '88881111-ffff-1111-1111-111000000185', NULL, 'Waduwa', 'Waduwa', 'Waduwa', NOW()),
('11111111-ffff-1111-1111-111000000435', '88881111-ffff-1111-1111-111000000185', NULL, 'Západní provincie', 'Západní provincie', 'Prowincja Zachodnia', NOW()),
('11111111-ffff-1111-1111-111000000436', '88881111-ffff-1111-1111-111000000200', NULL, 'Bern', 'Bern', 'Bern', NOW()),
('11111111-ffff-1111-1111-111000000437', '88881111-ffff-1111-1111-111000000200', NULL, 'Graubünden', 'Graubünden', 'Graubia', NOW()),
('11111111-ffff-1111-1111-111000000438', '88881111-ffff-1111-1111-111000000200', NULL, 'St. Moritz', 'St. Moritz', 'St. Moritz', NOW()),
('11111111-ffff-1111-1111-111000000439', '88881111-ffff-1111-1111-111000000200', NULL, 'Švajčiarske Alpy', 'Švajčiarske Alpy', 'Alpy Szwajcarskie', NOW()),
('11111111-ffff-1111-1111-111000000440', '88881111-ffff-1111-1111-111000000200', NULL, 'Ticino', 'Ticino', 'Ticino', NOW()),
('11111111-ffff-1111-1111-111000000441', '88881111-ffff-1111-1111-111000000200', NULL, 'Valais (Wallis)', 'Valais (Wallis)', 'Valais (Wallis)', NOW()),
('11111111-ffff-1111-1111-111000000442', '88881111-ffff-1111-1111-111000000200', NULL, 'Zürich', 'Zürich', 'Zurych', NOW()),
('11111111-ffff-1111-1111-111000000443', '88881111-ffff-1111-1111-111000000200', NULL, 'Ženeva', 'Ženeva', 'Genewa', NOW()),
('11111111-ffff-1111-1111-111000000444', '88881111-ffff-1111-1111-111000000200', NULL, 'Ženevské jezero', 'Ženevské jezero', 'Jezioro Genewskie', NOW()),
('11111111-ffff-1111-1111-111000000445', '88881111-ffff-1111-1111-111000000201', NULL, 'Štokholm', 'Štokholm', 'Sztokholm', NOW()),
('11111111-ffff-1111-1111-111000000446', '88881111-ffff-1111-1111-111000000206', NULL, 'Bangkok', 'Bangkok', 'Bangkok', NOW()),
('11111111-ffff-1111-1111-111000000447', '88881111-ffff-1111-1111-111000000206', NULL, 'Hua Hin', 'Hua Hin', 'Hua Hin', NOW()),
('11111111-ffff-1111-1111-111000000448', '88881111-ffff-1111-1111-111000000206', NULL, 'Khao Lak', 'Khao Lak', 'Khao Lak', NOW()),
('11111111-ffff-1111-1111-111000000449', '88881111-ffff-1111-1111-111000000206', NULL, 'Koh Chang', 'Koh Chang', 'Koh Chang', NOW()),
('11111111-ffff-1111-1111-111000000450', '88881111-ffff-1111-1111-111000000206', NULL, 'Koh Lanta', 'Koh Lanta', 'Koh Lanta', NOW()),
('11111111-ffff-1111-1111-111000000451', '88881111-ffff-1111-1111-111000000206', NULL, 'Koh Samet', 'Koh Samet', 'Koh Samet', NOW()),
('11111111-ffff-1111-1111-111000000452', '88881111-ffff-1111-1111-111000000206', NULL, 'Koh Samui', 'Koh Samui', 'Koh Samui', NOW()),
('11111111-ffff-1111-1111-111000000453', '88881111-ffff-1111-1111-111000000206', NULL, 'Koh Tao', 'Koh Tao', 'Koh Tao', NOW()),
('11111111-ffff-1111-1111-111000000454', '88881111-ffff-1111-1111-111000000206', NULL, 'Krabi', 'Krabi', 'Krabi', NOW()),
('11111111-ffff-1111-1111-111000000455', '88881111-ffff-1111-1111-111000000206', NULL, 'Pattaya', 'Pattaya', 'Pattaya', NOW()),
('11111111-ffff-1111-1111-111000000456', '88881111-ffff-1111-1111-111000000206', NULL, 'Phi Phi', 'Phi Phi', 'Phi Phi', NOW()),
('11111111-ffff-1111-1111-111000000457', '88881111-ffff-1111-1111-111000000206', NULL, 'Phuket', 'Phuket', 'Phuket', NOW()),
('11111111-ffff-1111-1111-111000000458', '88881111-ffff-1111-1111-111000000210', NULL, 'Tobago', 'Tobago', 'Tobago', NOW()),
('11111111-ffff-1111-1111-111000000459', '88881111-ffff-1111-1111-111000000210', NULL, 'Trinidad', 'Trinidad', 'Trynidad', NOW()),
('11111111-ffff-1111-1111-111000000460', '88881111-ffff-1111-1111-111000000211', NULL, 'Bizerta', 'Bizerta', 'Bizerta', NOW()),
('11111111-ffff-1111-1111-111000000461', '88881111-ffff-1111-1111-111000000211', NULL, 'Borj Cedria', 'Borj Cedria', 'Borj Cedria', NOW()),
('11111111-ffff-1111-1111-111000000462', '88881111-ffff-1111-1111-111000000211', NULL, 'Djerba', 'Djerba', 'Dżerba', NOW()),
('11111111-ffff-1111-1111-111000000463', '88881111-ffff-1111-1111-111000000211', NULL, 'Hammamet', 'Hammamet', 'Hammamet', NOW()),
('11111111-ffff-1111-1111-111000000464', '88881111-ffff-1111-1111-111000000211', NULL, 'Mahdia', 'Mahdia', 'Mahdia', NOW()),
('11111111-ffff-1111-1111-111000000465', '88881111-ffff-1111-1111-111000000211', NULL, 'Monastir', 'Monastir', 'Monastir', NOW()),
('11111111-ffff-1111-1111-111000000466', '88881111-ffff-1111-1111-111000000211', NULL, 'Nabeul', 'Nabeul', 'Nabeul', NOW()),
('11111111-ffff-1111-1111-111000000467', '88881111-ffff-1111-1111-111000000211', NULL, 'Port El Kantaoui', 'Port El Kantaoui', 'Port El Kantaoui', NOW()),
('11111111-ffff-1111-1111-111000000468', '88881111-ffff-1111-1111-111000000211', NULL, 'Skanes', 'Skanes', 'Skanes', NOW()),
('11111111-ffff-1111-1111-111000000469', '88881111-ffff-1111-1111-111000000211', NULL, 'Sousse', 'Sousse', 'Susa', NOW()),
('11111111-ffff-1111-1111-111000000470', '88881111-ffff-1111-1111-111000000211', NULL, 'Tabarka', 'Tabarka', 'Tabarka', NOW()),
('11111111-ffff-1111-1111-111000000471', '88881111-ffff-1111-1111-111000000211', NULL, 'Tunis', 'Tunis', 'Tunis', NOW()),
('11111111-ffff-1111-1111-111000000472', '88881111-ffff-1111-1111-111000000217', NULL, 'Kyjev', 'Kyjev', 'Kijów', NOW()),
('11111111-ffff-1111-1111-111000000473', '88881111-ffff-1111-1111-111000000217', NULL, 'Lvov', 'Lvov', 'Lwów', NOW()),
('11111111-ffff-1111-1111-111000000474', '88881111-ffff-1111-1111-111000000217', NULL, 'Oděsa', 'Oděsa', 'Odessa', NOW()),
('11111111-ffff-1111-1111-111000000475', '88881111-ffff-1111-1111-111000000219', NULL, 'Aljaška', 'Aljaška', 'Alaska', NOW()),
('11111111-ffff-1111-1111-111000000476', '88881111-ffff-1111-1111-111000000219', NULL, 'California', 'Kalifornie', 'Kalifornia', NOW()),
('11111111-ffff-1111-1111-111000000477', '88881111-ffff-1111-1111-111000000219', NULL, 'Florida', 'Florida', 'Floryda', NOW()),
('11111111-ffff-1111-1111-111000000478', '88881111-ffff-1111-1111-111000000219', NULL, 'Havajské ostrovy', 'Havajské ostrovy', 'Wyspy Hawajskie', NOW()),
('11111111-ffff-1111-1111-111000000479', '88881111-ffff-1111-1111-111000000219', NULL, 'Miami', 'Miami', 'Miami', NOW()),
('11111111-ffff-1111-1111-111000000480', '88881111-ffff-1111-1111-111000000219', NULL, 'Nevada', 'Nevada', 'Nevada', NOW()),
('11111111-ffff-1111-1111-111000000481', '88881111-ffff-1111-1111-111000000219', NULL, 'New York', 'New York', 'Nowy Jork', NOW()),
('11111111-ffff-1111-1111-111000000482', '88881111-ffff-1111-1111-111000000219', NULL, 'Panenské ostrovy', 'Panenské ostrovy', 'Wyspy Dziewicze', NOW()),
('11111111-ffff-1111-1111-111000000483', '88881111-ffff-1111-1111-111000000219', NULL, 'Portoriko', 'Portoriko', 'Portoryko', NOW()),
('11111111-ffff-1111-1111-111000000484', '88881111-ffff-1111-1111-111000000223', NULL, 'Belfast', 'Belfast', 'Belfast', NOW()),
('11111111-ffff-1111-1111-111000000485', '88881111-ffff-1111-1111-111000000223', NULL, 'Birmingham', 'Birmingham', 'Birmingham', NOW()),
('11111111-ffff-1111-1111-111000000486', '88881111-ffff-1111-1111-111000000223', NULL, 'Brighton', 'Brighton', 'Brighton', NOW()),
('11111111-ffff-1111-1111-111000000487', '88881111-ffff-1111-1111-111000000223', NULL, 'Edinburgh', 'Edinburgh', 'Edynburg', NOW()),
('11111111-ffff-1111-1111-111000000488', '88881111-ffff-1111-1111-111000000223', NULL, 'Glasgow', 'Glasgow', 'Glasgow', NOW()),
('11111111-ffff-1111-1111-111000000489', '88881111-ffff-1111-1111-111000000223', NULL, 'Liverpool', 'Liverpool', 'Liverpool', NOW()),
('11111111-ffff-1111-1111-111000000490', '88881111-ffff-1111-1111-111000000223', NULL, 'Londýn', 'Londýn', 'Londyn', NOW()),
('11111111-ffff-1111-1111-111000000491', '88881111-ffff-1111-1111-111000000223', NULL, 'Manchester', 'Manchester', 'Manchester', NOW()),
('11111111-ffff-1111-1111-111000000492', '88881111-ffff-1111-1111-111000000223', NULL, 'Newcastle', 'Newcastle', 'Nowycastle', NOW()),
('11111111-ffff-1111-1111-111000000493', '88881111-ffff-1111-1111-111000000223', NULL, 'Škótsko', 'Skotsko', 'Szkocja', NOW()),
('11111111-ffff-1111-1111-111000000494', '88881111-ffff-1111-1111-111000000224', NULL, 'Isla Coche', 'Isla Coche', 'Isla Coche', NOW()),
('11111111-ffff-1111-1111-111000000495', '88881111-ffff-1111-1111-111000000224', NULL, 'Isla Margarita', 'Isla Margarita', 'Isla Margarita', NOW()),
('11111111-ffff-1111-1111-111000000496', '88881111-ffff-1111-1111-111000000224', NULL, 'Los Roques', 'Los Roques', 'Los Roques', NOW()),
('11111111-ffff-1111-1111-111000000497', '88881111-ffff-1111-1111-111000000225', NULL, 'Hanoj', 'Hanoj', 'Hanoi', NOW()),
('11111111-ffff-1111-1111-111000000498', '88881111-ffff-1111-1111-111000000225', NULL, 'Nha Trang', 'Nha Trang', 'Nha Trang', NOW()),
('11111111-ffff-1111-1111-111000000499', '88881111-ffff-1111-1111-111000000225', NULL, 'Phan Thiet', 'Phan Thiet', 'Phan Thiet', NOW()),
('11111111-ffff-1111-1111-111000000500', '88881111-ffff-1111-1111-111000000225', NULL, 'Phu Quoc', 'Phu Quoc', 'Phu Quoc', NOW()),
('11111111-ffff-1111-1111-111000000501', '88881111-ffff-1111-1111-111000000229', NULL, 'Kiwengwa', 'Kiwengwa', 'Kiwengwa', NOW()),
('11111111-ffff-1111-1111-111000000502', '88881111-ffff-1111-1111-111000000229', NULL, 'Nungwi', 'Nungwi', 'Nungwi', NOW()),
('11111111-ffff-1111-1111-111000000503', '88881111-ffff-1111-1111-111000000229', NULL, 'Pingwe', 'Pingwe', 'Pingwe', NOW()),
('11111111-ffff-1111-1111-111000000504', '88881111-ffff-1111-1111-111000000229', NULL, 'Pwani Mchangani', 'Pwani Mchangani', 'Pwani Mchangani', NOW()),
('11111111-ffff-1111-1111-111000000505', '88881111-ffff-1111-1111-111000000229', NULL, 'Uroa', 'Uroa', 'Uroa', NOW()),
('11111111-ffff-1111-1111-111000000506', '88881111-ffff-1111-1111-111000000180', NULL, 'Južné Slovensko', 'Jižní Slovensko', 'Południowa Słowacja', NOW()),
('11111111-ffff-1111-1111-111000000507', '88881111-ffff-1111-1111-111000000180', '11111111-ffff-1111-1111-111000000369', 'Bratislava a okolie', 'Bratislava a okolí', 'Bratysława i okolice', NOW()),
('11111111-ffff-1111-1111-111000000508', '88881111-ffff-1111-1111-111000000180', '11111111-ffff-1111-1111-111000000369', 'Slnečné jazerá', 'Sluneční jezera', 'Słoneczne Jeziora', NOW()),
('11111111-ffff-1111-1111-111000000509', '88881111-ffff-1111-1111-111000000180', NULL, 'Stredné Slovensko', 'Střední Slovensko', 'Środkowa Słowacja', NOW()),
('11111111-ffff-1111-1111-111000000510', '88881111-ffff-1111-1111-111000000180', '11111111-ffff-1111-1111-111000000372', 'Kysucké Beskydy', 'Kysucké Beskydy', 'Beskidy Kysuckie', NOW()),
('11111111-ffff-1111-1111-111000000511', '88881111-ffff-1111-1111-111000000180', '11111111-ffff-1111-1111-111000000372', 'Liptov', 'Liptov', 'Liptów', NOW()),
('11111111-ffff-1111-1111-111000000512', '88881111-ffff-1111-1111-111000000180', '11111111-ffff-1111-1111-111000000372', 'Malá Fatra', 'Malá Fatra', 'Mała Fatra', NOW()),
('11111111-ffff-1111-1111-111000000513', '88881111-ffff-1111-1111-111000000180', '11111111-ffff-1111-1111-111000000372', 'Nízke Tatry', 'Nízké Tatry', 'Tatry Niżne', NOW()),
('11111111-ffff-1111-1111-111000000514', '88881111-ffff-1111-1111-111000000180', '11111111-ffff-1111-1111-111000000372', 'Oravské Beskydy', 'Oravské Beskydy', 'Beskidy Orawskie', NOW()),
('11111111-ffff-1111-1111-111000000515', '88881111-ffff-1111-1111-111000000180', '11111111-ffff-1111-1111-111000000372', 'Veľká Fatra', 'Velká Fatra', 'Wielka Fatra', NOW()),
('11111111-ffff-1111-1111-111000000516', '88881111-ffff-1111-1111-111000000180', NULL, 'Východné Slovensko', 'Východní Slovensko', 'Wschodnia Słowacja', NOW()),
('11111111-ffff-1111-1111-111000000517', '88881111-ffff-1111-1111-111000000180', '11111111-ffff-1111-1111-111000000379', 'Pieniny', 'Pieniny', 'Pieniny', NOW()),
('11111111-ffff-1111-1111-111000000518', '88881111-ffff-1111-1111-111000000180', '11111111-ffff-1111-1111-111000000379', 'Poloniny', 'Poloniny', 'Połoniny', NOW()),
('11111111-ffff-1111-1111-111000000519', '88881111-ffff-1111-1111-111000000180', '11111111-ffff-1111-1111-111000000379', 'Slovenský Kras', 'Slovenský Kras', 'Słowacki Kras', NOW()),
('11111111-ffff-1111-1111-111000000520', '88881111-ffff-1111-1111-111000000180', '11111111-ffff-1111-1111-111000000379', 'Slovenský Raj', 'Slovenský Ráj', 'Słowacki Raj', NOW()),
('11111111-ffff-1111-1111-111000000521', '88881111-ffff-1111-1111-111000000180', '11111111-ffff-1111-1111-111000000379', 'Vysoké Tatry', 'Vysoké Tatry', 'Tatry Wysokie', NOW()),
('11111111-ffff-1111-1111-111000000522', '88881111-ffff-1111-1111-111000000180', '11111111-ffff-1111-1111-111000000379', 'Západné Tatry', 'Západní Tatry', 'Tatry Zachodnie', NOW()),
('11111111-ffff-1111-1111-111000000523', '88881111-ffff-1111-1111-111000000180', NULL, 'Západné Slovensko', 'Západní Slovensko', 'Zachodnia Słowacja', NOW()),
('11111111-ffff-1111-1111-111000000524', '88881111-ffff-1111-1111-111000000180', '11111111-ffff-1111-1111-111000000386', 'Biele Karpaty', 'Bílé Karpaty', 'Białe Karpaty', NOW()),
('11111111-ffff-1111-1111-111000000525', '88881111-ffff-1111-1111-111000000180', '11111111-ffff-1111-1111-111000000386', 'Malé Karpaty', 'Malé Karpaty', 'Małe Karpaty', NOW()),
('11111111-ffff-1111-1111-111000000526', '88881111-ffff-1111-1111-111000000161', NULL, 'Burgenland', 'Burgenland', 'Burgenland', NOW()),
('11111111-ffff-1111-1111-111000000527', '88881111-ffff-1111-1111-111000000161', NULL, 'Dolné Rakúsko', 'Dolní Rakousko', 'Dolna Austria', NOW()),
('11111111-ffff-1111-1111-111000000528', '88881111-ffff-1111-1111-111000000161', '11111111-ffff-1111-1111-111000000401', 'Annaberg', 'Annaberg', 'Annaberg', NOW()),
('11111111-ffff-1111-1111-111000000529', '88881111-ffff-1111-1111-111000000161', '11111111-ffff-1111-1111-111000000401', 'Hochkar', 'Hochkar', 'Hochkar', NOW()),
('11111111-ffff-1111-1111-111000000530', '88881111-ffff-1111-1111-111000000161', '11111111-ffff-1111-1111-111000000401', 'Semmering / Zauberg', 'Semmering / Zauberg', 'Semmering / Zauberg', NOW()),
('11111111-ffff-1111-1111-111000000531', '88881111-ffff-1111-1111-111000000161', NULL, 'Horné Rakúsko', 'Horní Rakousko', 'Górna Austria', NOW()),
('11111111-ffff-1111-1111-111000000532', '88881111-ffff-1111-1111-111000000161', '11111111-ffff-1111-1111-111000000405', 'Dachstein West', 'Dachstein West', 'Dachstein West', NOW()),
('11111111-ffff-1111-1111-111000000533', '88881111-ffff-1111-1111-111000000161', '11111111-ffff-1111-1111-111000000405', 'Hinterstoder', 'Hinterstoder', 'Hinterstoder', NOW()),
('11111111-ffff-1111-1111-111000000534', '88881111-ffff-1111-1111-111000000161', NULL, 'Korutany', 'Korutany', 'Karyntia', NOW()),
('11111111-ffff-1111-1111-111000000535', '88881111-ffff-1111-1111-111000000161', '11111111-ffff-1111-1111-111000000408', 'Bad Kleinkirchheim', 'Bad Kleinkirchheim', 'Bad Kleinkirchheim', NOW()),
('11111111-ffff-1111-1111-111000000536', '88881111-ffff-1111-1111-111000000161', '11111111-ffff-1111-1111-111000000408', 'Gerlitze', 'Gerlitze', 'Gerlitze', NOW()),
('11111111-ffff-1111-1111-111000000537', '88881111-ffff-1111-1111-111000000161', '11111111-ffff-1111-1111-111000000408', 'Innerkrems', 'Innerkrems', 'Innerkrems', NOW()),
('11111111-ffff-1111-1111-111000000538', '88881111-ffff-1111-1111-111000000161', NULL, 'Salzbursko', 'Salcbursko', 'Salzburg', NOW()),
('11111111-ffff-1111-1111-111000000539', '88881111-ffff-1111-1111-111000000161', '11111111-ffff-1111-1111-111000000412', 'Bad Gastein', 'Bad Gastein', 'Bad Gastein', NOW()),
('11111111-ffff-1111-1111-111000000540', '88881111-ffff-1111-1111-111000000161', '11111111-ffff-1111-1111-111000000412', 'Flachau', 'Flachau', 'Flachau', NOW()),
('11111111-ffff-1111-1111-111000000541', '88881111-ffff-1111-1111-111000000161', NULL, 'Viedeň', 'Vídeň', 'Wiedeń', NOW()),
('11111111-ffff-1111-1111-111000000542', '88881111-ffff-1111-1111-111000000161', NULL, 'Tirolsko', 'Tyrolsko', 'Tyrol', NOW()),
('11111111-ffff-1111-1111-111000000543', '88881111-ffff-1111-1111-111000000161', '11111111-ffff-1111-1111-111000000416', 'Achensee', 'Achensee', 'Achensee', NOW()),
('11111111-ffff-1111-1111-111000000544', '88881111-ffff-1111-1111-111000000161', '11111111-ffff-1111-1111-111000000416', 'Alpbachtal / Wildschönau', 'Alpbachtal / Wildschönau', 'Alpbachtal / Wildschönau', NOW()),
('11111111-ffff-1111-1111-111000000545', '88881111-ffff-1111-1111-111000000161', '11111111-ffff-1111-1111-111000000416', 'Ischgl / Kappl', 'Ischgl / Kappl', 'Ischgl / Kappl', NOW()),
('11111111-ffff-1111-1111-111000000546', '88881111-ffff-1111-1111-111000000161', NULL, 'Vorarlbersko', 'Vorarlbersko', 'Vorarlberg', NOW()),
('11111111-ffff-1111-1111-111000000547', '88881111-ffff-1111-1111-111000000161', NULL, 'Východné Tyrolsko', 'Východní Tyrolsko', 'Wschodnie Tyrol', NOW()),
('11111111-ffff-1111-1111-111000000548', '88881111-ffff-1111-1111-111000000161', '11111111-ffff-1111-1111-111000000421', 'Matrei / Kals', 'Matrei / Kals', 'Matrei / Kals', NOW()),
('11111111-ffff-1111-1111-111000000549', '88881111-ffff-1111-1111-111000000161', '11111111-ffff-1111-1111-111000000421', 'St. Jakob', 'St. Jakob', 'St. Jakob', NOW());