INSERT INTO Cestovka (Id, Nazov, ICO, Kontakt, Email, CreatedAt)
VALUES 
('c87d1f2f-f8d7-11ef-9f2d-58879c777f19', 'Invia.sk, s.r.o.', '35884797', '+421 2 3221 0450', 'poradca@invia.sk',NOW()),
('d38d8f8f-f8d7-11ef-9f2d-58879c777f20', 'MINDO s.r.o.', '35902097', '+421 2 6829 6898', 'info@mindotravel.sk',NOW()),
('e49d8f8f-f8d7-11ef-9f2d-58879c777f21', 'CK Fischer Slovensko, s.r.o.', '35884820', '+421 2 3255 8555', 'slovensko@ckfischer.sk',NOW()),
('f5aabb1f-f8d7-11ef-9f2d-58879c777f22', 'EXIM Tours, a.s.', '35884810', '+421 2 5829 2929', 'info@eximtours.sk',NOW()),
('06d42f1f-f8d8-11ef-9f2d-58879c777f23', 'Satur, s.r.o.', '35884812', '+421 2 5810 1414', 'satur@tck.sk',NOW()),
('1ab62b1f-f8d8-11ef-9f2d-58879c777f24', 'Aquacity Travel, s.r.o.', '35945512', '+421 52 77 39 888', 'info@aquacity.sk',NOW());

INSERT INTO Food (Id, FoodName, CreatedAt)  VALUES 
    (1, 'Bez wyżywienia'        , NOW()),
    (2, 'Śniadanie'             , NOW()),
    (3, 'Kolacja'               , NOW()),
    (4, 'Niepełne wyżywienie'   , NOW()),
    (5, 'Pełne wyżywienie'      , NOW()),
    (6, 'All Inclusive'         , NOW()),
    (7, 'Ultra All Inclusive'   , NOW()),
    (8 ,'Light All inclusive'   , NOW()),
    (9 ,'Niepełne wyżywienie z napojami'   , NOW());


INSERT INTO TourTypes (Id, TourTypesName, CreatedAt)  
VALUES 
    (1, 'Pobytowe'      , NOW()),
    (2, 'Narciarskie'   , NOW()),
    (3, 'Objazdowe'     , NOW()),
    (4, 'Euro weekendy' , NOW()),
    (5, 'Sportowe'      , NOW()),
    (6, 'Rejsy'         , NOW());

INSERT INTO Transport (Id          ,ParentTransportId,TransportName                 ,CreatedAt)
VALUES                (1           ,NULL            ,'Własny'                       ,NOW()),
                      (2           ,NULL            ,'Lotnicza'                     ,NOW()),
                      (3           ,NULL            ,'Autobusem'                    ,NOW()),
                      (4           ,NULL            ,'Kombinowana'                  ,NOW()),
                      (5           ,NULL            ,'Pociągiem'                    ,NOW()),
                      (6           ,2               ,'Słowackie lotniska'           ,NOW()),
                      (7           ,6               ,'Bratysława'                   ,NOW()),
                      (8           ,6               ,'Koszyce'                      ,NOW()),
	                  (9           ,6               ,'Poprad'                       ,NOW()),
                      (10          ,6              ,'Sliač'                         ,NOW()),
                      (11          ,6              ,'Piešťany'                      ,NOW()),
                      (12          ,2              ,'Czeskie lotniska'              ,NOW()),
                      (13          ,12             ,'Praha'                         ,NOW()),
                      (14          ,12             ,'Brno'                          ,NOW()),
                      (15          ,12             ,'Ostrava'                       ,NOW()),
                      (16          ,12             ,'Karlovy Vary'                  ,NOW()),
                      (17          ,12             ,'Pardubice'                     ,NOW()),
                      (18          ,12             ,'České Budějovice'              ,NOW()),
                      (19          ,2              ,'Rakúske lotniska'              ,NOW()),
                      (20          ,19             ,'Graz'                          ,NOW()),
                      (21          ,19             ,'Linz'                          ,NOW()),
                      (22          ,19             ,'Salzburg'                      ,NOW()),
                      (23          ,19             ,'Viedeň'                        ,NOW()),
                      (24          ,2              ,'Węgierskie lotniska'           ,NOW()),
                      (25          ,24             ,'Lotnisko Budapeszt'            ,NOW()),
                      (26          ,24             ,'Debrecin'                      ,NOW()),
                      (27          ,2              ,'Polskie lotniska'              ,NOW()),
                      (28          ,27             ,'Bydgoszcz'                     ,NOW()),
                      (29          ,27             ,'Gdansk'                        ,NOW()),
                      (30          ,27             ,'Katowice'                      ,NOW()),
                      (31          ,27             ,'Krakov'                        ,NOW()),
                      (32          ,27             ,'Lublin'                        ,NOW()),
                      (33          ,27             ,'Łódź'                          ,NOW()),
                      (34          ,27             ,'Poznaň'                        ,NOW()),
                      (35          ,27             ,'Rzeszow'                       ,NOW()),
                      (36          ,27             ,'Štetín'                        ,NOW()),
                      (37          ,27             ,'Štetín'                        ,NOW()),
                      (38          ,27             ,'Štetín-Modlin'                 ,NOW()),
                      (39          ,27             ,'Wroclaw'                       ,NOW()),
                      (40          ,27             ,'Zielona-Góra'                  ,NOW()),
                      (41          ,27             ,'Radom'                         ,NOW());


INSERT INTO currency (Id, CurrencyName, CreatedAt)
VALUES (1, 'EUR',NOW()),
       (2, 'USD',NOW()),
       (3, 'GBP',NOW()),
       (4, 'CZK',NOW()),
       (5, 'PLN',NOW());

INSERT INTO country (id                ,IsNajziadanejsia ,CountryName                             ,CreatedAt) VALUES
(1,false            ,'Afganistan'                            ,NOW()),
(2,false            ,'Albania'                               ,NOW()),
(3,false            ,'Algieria'                              ,NOW()),
(4,false            ,'Andora'                                ,NOW()),
(5,false            ,'Angola'                                ,NOW()),
(6,false            ,'Anguilla'                              ,NOW()),
(7,false            ,'Antarktyda'                            ,NOW()),
(8,false            ,'Antigua i Barbuda'                     ,NOW()),
(9,false            ,'Argentyna'                             ,NOW()),
(10,false            ,'Arktyka'                               ,NOW()),
(11,false            ,'Armenia'                               ,NOW()),
(12,false            ,'Aruba'                                 ,NOW()),
(13,false            ,'Australia'                             ,NOW()),
(14,false            ,'Sydney'                                ,NOW()),
(15,false            ,'Azerbejdżan'                           ,NOW()),
(16,false            ,'Bahamy'                                ,NOW()),
(17,false            ,'Bahrajn'                               ,NOW()),
(18,false            ,'Bali'                                  ,NOW()),
(19,false            ,'Bangladesz'                            ,NOW()),
(20,false            ,'Barbados'                              ,NOW()),
(21,false            ,'Birma'                                 ,NOW()),
(22,false            ,'Belgia'                                ,NOW()),
(23,false            ,'Belize'                                ,NOW()),
(24,false            ,'Benin'                                 ,NOW()),
(25,false            ,'Bhutan'                                ,NOW()),
(26,false            ,'Białoruś'                              ,NOW()),
(27,false            ,'Boliwia'                               ,NOW()),
(28,false            ,'Bonaire'                               ,NOW()),
(29,false            ,'Bośnia i Hercegowina'                  ,NOW()),
(30,false            ,'Botswana'                              ,NOW()),
(31,false            ,'Brytyjskie Wyspy Dziewicze'            ,NOW()),
(32,false            ,'Brunei'                                ,NOW()),
(33,false            ,'Bułgaria'                              ,NOW()),
(34,false            ,'Burkina Faso'                          ,NOW()),
(35,false            ,'Burundi'                               ,NOW()),
(36,false            ,'Wyspy Cooka'                           ,NOW()),
(37,false            ,'Curaçao'                               ,NOW()),
(38,true             ,'Cypr'                                  ,NOW()),
(39,false            ,'Czad'                                  ,NOW()),
(40,false            ,'Czechy'                                ,NOW()),
(41,false            ,'Czarnogóra'                            ,NOW()),
(42,false            ,'Chiny'                                 ,NOW()),
(43,false            ,'Dania'                                 ,NOW()),
(44,false            ,'Dominika'                              ,NOW()),
(45,false            ,'Dżibuti'                               ,NOW()),
(46,false            ,'Egypt'                                 ,NOW()),
(47,false            ,'Ekwador'                               ,NOW()),
(48,false            ,'Erytrea'                               ,NOW()),
(49,false            ,'Estonia'                               ,NOW()),
(50,false            ,'Etiopia'                               ,NOW()),
(51,false            ,'Falklandy'                             ,NOW()),
(52,false            ,'Fidżi'                                 ,NOW()),
(53,false            ,'Filipiny'                              ,NOW()),
(54,false            ,'Finlandia'                             ,NOW()),
(55,false            ,'Gujana Francuska'                      ,NOW()),
(56,false            ,'Polinezja Francuska'                   ,NOW()),
(57,false            ,'Francja'                               ,NOW()),
(58,false            ,'Gabon'                                 ,NOW()),
(59,false            ,'Gambia'                                ,NOW()),
(60,false            ,'Ghana'                                 ,NOW()),
(61,true             ,'Grecja'                                ,NOW()),
(62,false            ,'Grenada'                               ,NOW()),
(63,false            ,'Grenlandia'                            ,NOW()),
(64,false            ,'Gruzja'                                ,NOW()),
(65,false            ,'Gwadelupa'                             ,NOW()),
(66,false            ,'Gwatemala'                             ,NOW()),
(67,false            ,'Gwinea'                                ,NOW()),
(68,false            ,'Gwinea Bissau'                         ,NOW()),
(69,false            ,'Gujana'                                ,NOW()),
(70,false            ,'Haiti'                                 ,NOW()),
(71,false            ,'Holandia'                              ,NOW()),
(72,false            ,'Honduras'                              ,NOW()),
(73,false            ,'Hongkong'                              ,NOW()),
(74,false            ,'Chile'                                 ,NOW()),
(75,false            ,'Chorwacja'                             ,NOW()),
(76,false            ,'Indie'                                 ,NOW()),
(77,false            ,'Indonezja'                             ,NOW()),
(78,false            ,'Irak'                                  ,NOW()),
(79,false            ,'Iran'                                  ,NOW()),
(80,false            ,'Irlandia'                              ,NOW()),
(81,false            ,'Islandia'                              ,NOW()),
(82,false            ,'Izrael'                                ,NOW()),
(83,false            ,'Jamajka'                               ,NOW()),
(84,false            ,'Japonia'                               ,NOW()),
(85,false            ,'Jemen'                                 ,NOW()),
(86,false            ,'Jordania'                              ,NOW()),
(87,false            ,'Republika Południowej Afryki'          ,NOW()),
(88,false            ,'Korea Południowa'                      ,NOW()),
(89,false            ,'Kajmany'                               ,NOW()),
(90,false            ,'Kambodża'                              ,NOW()),
(91,false            ,'Kamerun'                               ,NOW()),
(92,false            ,'Kanada'                                ,NOW()),
(93,false            ,'Wyspy Kanaryjskie'                     ,NOW()),
(94,false            ,'Wyspy Zielonego Przylądka'             ,NOW()),
(95,false            ,'Katar'                                 ,NOW()),
(96,false            ,'Kazachstan'                            ,NOW()),
(97,false            ,'Kenia'                                 ,NOW()),
(98,false            ,'Kirgistan'                             ,NOW()),
(99,false            ,'Kiribati'                              ,NOW()),
(100,false            ,'Kolumbia'                              ,NOW()),
(101,false            ,'Komory'                                ,NOW()),
(102,false            ,'Demokratyczna Republika Konga'         ,NOW()),
(103,false            ,'Kosowo'                                ,NOW()),
(104,false            ,'Kostaryka'                             ,NOW()),
(105,false            ,'Kuba'                                  ,NOW()),
(106,false            ,'Kuwejt'                                ,NOW()),
(107,false            ,'Laos'                                  ,NOW()),
(108,false            ,'Lesotho'                               ,NOW()),
(109,false            ,'Liban'                                 ,NOW()),
(110,false            ,'Liberia'                               ,NOW()),
(111,false            ,'Libia'                                 ,NOW()),
(112,false            ,'Liechtenstein'                         ,NOW()),
(113,false            ,'Litwa'                                 ,NOW()),
(114,false            ,'Łotwa'                                 ,NOW()),
(115,false            ,'Luksemburg'                            ,NOW()),
(116,false            ,'Makau'                                 ,NOW()),
(117,false            ,'Madagaskar'                            ,NOW()),
(118,false            ,'Węgry'                                 ,NOW()),
(119,false            ,'Madera'                                ,NOW()),
(120,false            ,'Malezja'                               ,NOW()),
(121,false            ,'Malawi'                                ,NOW()),
(122,false            ,'Malediwy'                              ,NOW()),
(123,false            ,'Mali'                                  ,NOW()),
(124,false            ,'Malta'                                 ,NOW()),
(125,false            ,'Maroko'                                ,NOW()),
(126,false            ,'Wyspy Marshalla'                       ,NOW()),
(127,false            ,'Martynika'                             ,NOW()),
(128,false            ,'Mauritius'                             ,NOW()),
(129,false            ,'Mauretania'                            ,NOW()),
(130,false            ,'Majotta'                               ,NOW()),
(131,false            ,'Meksyk'                                ,NOW()),
(132,false            ,'Mikronezja'                            ,NOW()),
(133,false            ,'Mołdawia'                              ,NOW()),
(134,false            ,'Monako'                                ,NOW()),
(135,false            ,'Mongolia'                              ,NOW()),
(136,false            ,'Mozambik'                              ,NOW()),
(137,false            ,'Namibia'                               ,NOW()),
(138,false            ,'Nauru'                                 ,NOW()),
(139,false            ,'Niemcy'                                ,NOW()),
(140,false            ,'Nepal'                                 ,NOW()),
(141,false            ,'Niger'                                 ,NOW()),
(142,false            ,'Nigeria'                               ,NOW()),
(143,false            ,'Nikaragua'                             ,NOW()),
(144,false            ,'Norwegia'                              ,NOW()),
(145,false            ,'Nowa Kaledonia'                        ,NOW()),
(146,false            ,'Nowa Zelandia'                         ,NOW()),
(147,false            ,'Oman'                                  ,NOW()),
(148,false            ,'Pakistan'                              ,NOW()),
(149,false            ,'Palau'                                 ,NOW()),
(150,false            ,'Palestyna'                             ,NOW()),
(151,false            ,'Panama'                                ,NOW()),
(152,false            ,'Papua-Nowa Gwinea'                     ,NOW()),
(153,false            ,'Paragwaj'                              ,NOW()),
(154,false            ,'Peru'                                  ,NOW()),
(155,false            ,'Wybrzeże Kości Słoniowej'              ,NOW()),
(156,false            ,'Polska'                                ,NOW()),
(157,false            ,'Portoryko'                             ,NOW()),
(158,false            ,'Portugalia'                            ,NOW()),
(159,false            ,'Dominikánska republika'                ,NOW()),
(160,false            ,'Zimbabwe'                              ,NOW()),
(161,false            ,'Austria'                               ,NOW()),
(162,false            ,'Republika Kongo'                       ,NOW()),
(163,false            ,'Réunion'                               ,NOW()),
(164,false            ,'Roatan'                                ,NOW()),
(165,false            ,'Rodrigues'                             ,NOW()),
(166,false            ,'Gwinea Równikowa'                      ,NOW()),
(167,false            ,'Rumunia'                               ,NOW()),
(168,false            ,'Rosja'                                 ,NOW()),
(169,false            ,'Rwanda'                                ,NOW()),
(170,false            ,'Salwador'                              ,NOW()),
(171,false            ,'Samoa'                                 ,NOW()),
(172,false            ,'San Marino'                            ,NOW()),
(173,false            ,'Arabia Saudyjska'                      ,NOW()),
(174,false            ,'Senegal'                               ,NOW()),
(175,false            ,'Korea Północna'                        ,NOW()),
(176,false            ,'Macedonia Północna'                    ,NOW()),
(177,false            ,'Seszele'                               ,NOW()),
(178,false            ,'Sierra Leone'                          ,NOW()),
(179,false            ,'Singapur'                              ,NOW()),
(180,false            ,'Słowacja'                              ,NOW()),
(181,false            ,'Słowenia'                              ,NOW()),
(182,false            ,'Somalia'                               ,NOW()),
(183,false            ,'Zjednoczone Emiraty Arabskie'          ,NOW()),
(184,false            ,'Serbia'                                ,NOW()),
(185,false            ,'Sri Lanka'                             ,NOW()),
(186,false            ,'Republika Środkowoafrykańska'          ,NOW()),
(187,false            ,'Sudan'                                 ,NOW()),
(188,false            ,'Surinam'                               ,NOW()),
(189,false            ,'Saint Lucia'                           ,NOW()),
(190,false            ,'Saint Kitts i Nevis'                   ,NOW()),
(191,false            ,'Wyspy Świętego Tomasza i Książęca'     ,NOW()),
(192,false            ,'Eswatini'                              ,NOW()),
(193,false            ,'Saint-Barthélemy'                      ,NOW()),
(194,false            ,'Świat'                                 ,NOW()),
(195,false            ,'Saint-Martin'                          ,NOW()),
(196,false            ,'Saint Vincent i Grenadyny'             ,NOW()),
(197,false            ,'Syria'                                 ,NOW()),
(198,false            ,'Wyspy Salomona'                        ,NOW()),
(199,false            ,'Hiszpania'                             ,NOW()),
(200,false            ,'Szwajcaria'                            ,NOW()),
(201,false            ,'Szwecja'                               ,NOW()),
(202,false            ,'Tadżykistan'                           ,NOW()),
(203,false            ,'Tajwan'                                ,NOW()),
(204,false            ,'Włochy'                                ,NOW()),
(205,false            ,'Tanzania'                              ,NOW()),
(206,false            ,'Tajlandia'                             ,NOW()),
(207,false            ,'Tybet'                                 ,NOW()),
(208,false            ,'Togo'                                  ,NOW()),
(209,false            ,'Tonga'                                 ,NOW()),
(210,false            ,'Trynidad i Tobago'                     ,NOW()),
(211,false            ,'Tunezja'                               ,NOW()),
(212,true             ,'Turcja'                                ,NOW()),
(213,false            ,'Turkmenistan'                          ,NOW()),
(214,false            ,'Turks i Caicos'                        ,NOW()),
(215,false            ,'Tuvalu'                                ,NOW()),
(216,false            ,'Uganda'                                ,NOW()),
(217,false            ,'Ukraina'                               ,NOW()),
(218,false            ,'Urugwaj'                               ,NOW()),
(219,false            ,'Stany Zjednoczone'                     ,NOW()),
(220,false            ,'Uzbekistan'                            ,NOW()),
(221,false            ,'Vanuatu'                               ,NOW()),
(222,false            ,'Watykan'                               ,NOW()),
(223,false            ,'Wielka Brytania'                       ,NOW()),
(224,false            ,'Wenezuela'                             ,NOW()),
(225,false            ,'Wietnam'                               ,NOW()),
(226,false            ,'Timor Wschodni'                        ,NOW()),
(227,false            ,'Wallis i Futuna'                       ,NOW()),
(228,false            ,'Zambia'                                ,NOW()),
(229,false            ,'Zanzibar'                              ,NOW()),
(230,false            ,'Sahara Zachodnia'                      ,NOW());


INSERT INTO jobstate (Id, Name, Code, CreatedAt) VALUES
 (1, 'Naplánovaný'      , 'SCHEDULED'   ,NOW()),
 (2, 'Spracováva sa'    , 'PROCESSING'  ,NOW()),
 (3, 'Spracovaný'       , 'FINISHED'    ,NOW()),
 (4, 'Systémová chyba'  , 'SYSTEM_ERROR',NOW()),
 (5, 'Zrušený'          , 'CANCELED'    ,NOW());

 INSERT INTO jobcode (Id, Code, Name, Description, CreatedAt) VALUES
 (1,'01','Import dat Invia.sk','ImportDat invia.sk',NOW());

 INSERT INTO job (Id,Name, Virtualka, JobCodeId, jobStateId, ScheduledTime, InputParameters, Description, CreatedAt ) VALUES
('45491f82-3333-3333-3333-000bfd000001','ImportInvia_ALL','1',1, 1, '2025-02-28 23:00:00', '{"url":"https://affil.invia.sk/direct/core/tool_xml-feed/download/id/8548540-67c1c02a82ffc/", "minutes":"20"}', 'Import DB Invia.sk',NOW());

INSERT INTO Locality (Id               ,CountryId                             ,ParentLocalityId                           ,LocalityName                            ,CreatedAt) VALUES
(1,2,NULL                                       ,'Albańska Riviera'                      ,NOW()),
(2,2,NULL                                       ,'Durrës'                                ,NOW()),
(3,2,NULL                                       ,'Wybrzeże Jońskie'                      ,NOW()),
(4,2,NULL                                       ,'Saranda'                               ,NOW()),
(5,2,NULL                                       ,'Tirana'                                ,NOW()),
(6,9,NULL                                       ,'Buenos Aires'                          ,NOW()),
(7,12,NULL                                       ,'Eagle Beach'                           ,NOW()),
(8,12,NULL                                       ,'Palm Beach'                            ,NOW()),
(9,13,NULL                                       ,'Cairns'                                ,NOW()),
(10,13,NULL                                       ,'Melbourne'                             ,NOW()),
(11,13,NULL                                       ,'Queensland'                            ,NOW()),
(12,18,NULL                                       ,'Kuta Beach'                            ,NOW()),
(13,18,NULL                                       ,'Plaża Nusa Dua'                        ,NOW()),
(14,18,NULL                                       ,'Sanur'                                 ,NOW()),
(15,18,NULL                                       ,'Seminyak'                              ,NOW()),
(16,18,NULL                                       ,'Ubud'                                  ,NOW()),
(17,20,NULL                                       ,'St. Lawrence Gap'                      ,NOW()),
(18,22,NULL                                       ,'Bruksela'                              ,NOW()),
(19,22,NULL                                       ,'Flandria'                              ,NOW()),
(20,27,NULL                                       ,'Tupiza'                                ,NOW()),
(21,29,NULL                                       ,'Neum'                                  ,NOW()),
(22,30,NULL                                       ,'Brazylia'                              ,NOW()),
(23,30,NULL                                       ,'Amazonia'                              ,NOW()),
(24,30,NULL                                       ,'Bahia'                                 ,NOW()),
(25,30,NULL                                       ,'Búzios'                                ,NOW()),
(26,30,NULL                                       ,'Ceará'                                 ,NOW()),
(27,30,NULL                                       ,'Fortaleza'                             ,NOW()),
(28,30,NULL                                       ,'Natal'                                 ,NOW()),
(29,30,NULL                                       ,'Paraná'                                ,NOW()),
(30,30,NULL                                       ,'Pernambuco'                            ,NOW()),
(31,30,NULL                                       ,'Porto das Dunas'                       ,NOW()),
(32,30,NULL                                       ,'Plaża das Fontes'                      ,NOW()),
(33,30,NULL                                       ,'Rio de Janeiro'                        ,NOW()),
(34,30,NULL                                       ,'São Paulo'                             ,NOW()),
(35,33,NULL                                       ,'Achtopol'                              ,NOW()),
(36,33,NULL                                       ,'Albena'                                ,NOW()),
(37,33,NULL                                       ,'Balczik'                               ,NOW()),
(38,33,NULL                                       ,'Bansko'                                ,NOW()),
(39,33,NULL                                       ,'Bjala'                                 ,NOW()),
(40,33,NULL                                       ,'Burgas'                                ,NOW()),
(41,33,NULL                                       ,'Carevo'                                ,NOW()),
(42,33,NULL                                       ,'Czarnomorze'                           ,NOW()),
(43,33,NULL                                       ,'Dżuni'                                 ,NOW()),
(44,33,NULL                                       ,'Elenite'                               ,NOW()),
(45,33,NULL                                       ,'Kiten'                                 ,NOW()),
(46,33,NULL                                       ,'Krajmorie'                             ,NOW()),
(47,33,NULL                                       ,'Kranevo'                               ,NOW()),
(48,33,NULL                                       ,'Lozenec'                               ,NOW()),
(49,33,NULL                                       ,'Nesebar'                               ,NOW()),
(50,33,NULL                                       ,'Obzor'                                 ,NOW()),
(51,33,NULL                                       ,'Pamporowo'                             ,NOW()),
(52,33,NULL                                       ,'Pomorie'                               ,NOW()),
(53,33,NULL                                       ,'Primorsko'                             ,NOW()),
(54,33,NULL                                       ,'Ravda'                                 ,NOW()),
(55,33,NULL                                       ,'Sinemorec'                             ,NOW()),
(56,33,NULL                                       ,'Słoneczna Plaża'                       ,NOW()),
(57,33,NULL                                       ,'Sofia'                                 ,NOW()),
(58,33,NULL                                       ,'Sozopol'                               ,NOW()),
(59,33,NULL                                       ,'Święty Własz'                          ,NOW()),
(60,33,NULL                                       ,'Św. Konstantyn'                        ,NOW()),
(61,33,NULL                                       ,'Warna'                                 ,NOW()),
(62,33,NULL                                       ,'Złote Piaski'                          ,NOW()),
(63,38,NULL                                       ,'Ayia Napa'                             ,NOW()),
(64,38,NULL                                       ,'Coral Bay'                             ,NOW()),
(65,38,NULL                                       ,'Kissonerga'                            ,NOW()),
(66,38,NULL                                       ,'Larnaka'                               ,NOW()),
(67,38,NULL                                       ,'Limassol'                              ,NOW()),
(68,38,NULL                                       ,'Nikozja'                               ,NOW()),
(69,38,NULL                                       ,'Pafos'                                 ,NOW()),
(70,38,NULL                                       ,'Protaras'                              ,NOW()),
(71,38,NULL                                       ,'Północny Cypr'                         ,NOW()),
(72,40,NULL                                       ,'Beskidy'                               ,NOW()),
(73,40,NULL                                       ,'Broumovsko'                            ,NOW()),
(74,40,NULL                                       ,'Czeski Raj'                            ,NOW()),
(75,40,NULL                                       ,'Wzgórza Drahanskie'                    ,NOW()),
(76,40,NULL                                       ,'Jeseniki'                              ,NOW()),
(77,40,NULL                                       ,'Góry Izerskie'                         ,NOW()),
(78,40,NULL                                       ,'Południowa Morawa'                     ,NOW()),
(79,40,NULL                                       ,'Południowe Czechy'                     ,NOW()),
(80,40,NULL                                       ,'Karkonosze'                            ,NOW()),
(81,40,NULL                                       ,'Góry Krużne'                           ,NOW()),
(82,40,NULL                                       ,'Lipno'                                 ,NOW()),
(83,40,NULL                                       ,'Morawski Kras'                         ,NOW()),
(84,40,NULL                                       ,'Góry Orlickie'                         ,NOW()),
(85,40,NULL                                       ,'Praga i okolice'                       ,NOW()),
(86,40,NULL                                       ,'Północna Morawa'                       ,NOW()),
(87,40,NULL                                       ,'Północne Czechy'                       ,NOW()),
(88,40,NULL                                       ,'Środkowa Morawa'                       ,NOW()),
(89,40,NULL                                       ,'Środkowe Czechy'                       ,NOW()),
(90,40,NULL                                       ,'Szumawa'                               ,NOW()),
(91,40,NULL                                       ,'Walaachy'                              ,NOW()),
(92,40,NULL                                       ,'Wschodnie Czechy'                      ,NOW()),
(93,40,NULL                                       ,'Wysoczyzna'                            ,NOW()),
(94,40,NULL                                       ,'Zachodnie Czechy'                      ,NOW()),
(95,41,NULL                                       ,'Bar'                                   ,NOW()),
(96,41,NULL                                       ,'Bečići'                                ,NOW()),
(97,41,NULL                                       ,'Budva'                                 ,NOW()),
(98,41,NULL                                       ,'Herceg Novi'                           ,NOW()),
(99,41,NULL                                       ,'Petrovac'                              ,NOW()),
(100,41,NULL                                       ,'Sutomore'                              ,NOW()),
(101,41,NULL                                       ,'Święty Stefan'                         ,NOW()),
(102,41,NULL                                       ,'Tivat'                                 ,NOW()),
(103,41,NULL                                       ,'Ulcinj'                                ,NOW()),
(104,42,NULL                                       ,'Hongkong'                              ,NOW()),
(105,42,NULL                                       ,'Hainan'                                ,NOW()),
(106,42,NULL                                       ,'Pekin'                                 ,NOW()),
(107,43,NULL                                       ,'Kopenhaga'                             ,NOW()),
(108,43,NULL                                       ,'Wyspy Owcze'                           ,NOW()),
(109,159,NULL                                       ,'Bayahibe'                             ,NOW()),
(110,159,NULL                                       ,'Boca Chica'                           ,NOW()),
(111,159,NULL                                       ,'Juan Dolio'                           ,NOW()),
(112,159,NULL                                       ,'La Romana'                            ,NOW()),
(113,159,NULL                                       ,'Półwysep Samaná'                      ,NOW()),
(114,159,NULL                                       ,'Puerto Plata'                         ,NOW()),
(115,159,NULL                                       ,'Punta Cana'                           ,NOW()),
(116,159,NULL                                       ,'Santo Domingo'                        ,NOW()),
(117,46,NULL                                       ,'Ain Soukhna'                           ,NOW()),
(118,46,NULL                                       ,'Aleksandria'                           ,NOW()),
(119,46,NULL                                       ,'Dahab'                                 ,NOW()),
(120,46,NULL                                       ,'Hurghada'                              ,NOW()),
(121,46,NULL                                       ,'Kair'                                  ,NOW()),
(122,46,NULL                                       ,'Marsa Alam'                            ,NOW()),
(123,46,NULL                                       ,'Marsa Matruh'                          ,NOW()),
(124,46,NULL                                       ,'Sahl Hasheesh'                         ,NOW()),
(125,46,NULL                                       ,'Szarm El-Szejk'                        ,NOW()),
(126,46,NULL                                       ,'Taba'                                  ,NOW()),
(127,49,NULL                                       ,'Läänemaa'                              ,NOW()),
(128,49,NULL                                       ,'Mõhu'                                  ,NOW()),
(129,49,NULL                                       ,'Tallin'                                ,NOW()),
(130,49,NULL                                       ,'Virumaa'                               ,NOW()),
(131,52,NULL                                       ,'Mamanuca'                              ,NOW()),
(132,52,NULL                                       ,'Viti Levu'                             ,NOW()),
(133,53,NULL                                       ,'Malay - wyspa Boracay'                 ,NOW()),
(134,53,NULL                                       ,'Wyspa Cebu/Mactan'                     ,NOW()),
(135,56,NULL                                       ,'Bora Bora'                             ,NOW()),
(136,56,NULL                                       ,'Huahine'                               ,NOW()),
(137,56,NULL                                       ,'Moorea'                                ,NOW()),
(138,56,NULL                                       ,'Raiatea'                               ,NOW()),
(139,56,NULL                                       ,'Tahiti'                                ,NOW()),
(140,57,NULL                                       ,'Akwitania'                             ,NOW()),
(141,57,NULL                                       ,'Alzacja'                               ,NOW()),
(142,57,NULL                                       ,'Lazurowe Wybrzeże (Riwiera Francuska)' ,NOW()),
(143,57,NULL                                       ,'Bretania'                              ,NOW()),
(144,57,NULL                                       ,'Burgundia'                             ,NOW()),
(145,57,NULL                                       ,'Costa Plana'                           ,NOW()),
(146,57,NULL                                       ,'Flaine'                                ,NOW()),
(147,57,NULL                                       ,'Alpy Francuskie'                       ,NOW()),
(148,57,NULL                                       ,'Korsyka'                               ,NOW()),
(149,57,NULL                                       ,'La Foret Blanche'                      ,NOW()),
(150,57,NULL                                       ,'La Grave'                              ,NOW()),
(151,57,NULL                                       ,'Languedoc - Roussillon'                ,NOW()),
(152,57,NULL                                       ,'Lyon'                                  ,NOW()),
(153,57,NULL                                       ,'Maine - Anjou'                         ,NOW()),
(154,57,NULL                                       ,'Normandia'                             ,NOW()),
(155,57,NULL                                       ,'Paryż'                                 ,NOW()),
(156,57,NULL                                       ,'Prowansja'                             ,NOW()),
(157,57,NULL                                       ,'Pireneje'                              ,NOW()),
(158,61,NULL                                       ,'Wyspy greckie'                         ,NOW()),
(159,61,104     ,'Alonissos'                             ,NOW()),
(160,61,104     ,'Evia'                                  ,NOW()),
(161,61,104     ,'Chios'                                 ,NOW()),
(162,61,104     ,'Ios'                                   ,NOW()),
(163,61,104     ,'Ithaka'                                ,NOW()),
(164,61,104     ,'Kalymnos'                              ,NOW()),
(165,61,104     ,'Karpatos'                              ,NOW()),
(166,61,104     ,'Kefalonia'                             ,NOW()),
(167,61,104     ,'Korfu'                                 ,NOW()),
(168,61,104     ,'Kos'                                   ,NOW()),
(169,61,104     ,'Kreta'                                 ,NOW()),
(170,61,104     ,'Kythira'                               ,NOW()),
(171,61,104     ,'Lefkada'                               ,NOW()),
(172,61,104     ,'Lesbos'                                ,NOW()),
(173,61,104     ,'Limnos'                                ,NOW()),
(174,61,104     ,'Mykonos'                               ,NOW()),
(175,61,104     ,'Naksos'                                ,NOW()),
(176,61,104     ,'Nisyros'                               ,NOW()),
(177,61,104     ,'Paros'                                 ,NOW()),
(178,61,104     ,'Paksi'                                 ,NOW()),
(179,61,104     ,'Rodos'                                 ,NOW()),
(180,61,104     ,'Samos'                                 ,NOW()),
(181,61,104     ,'Santorini'                             ,NOW()),
(182,61,104     ,'Północne Sporady'                      ,NOW()),
(183,61,104     ,'Skiathos'                              ,NOW()),
(184,61,104     ,'Skopelos'                              ,NOW()),
(185,61,104     ,'Skyros'                                ,NOW()),
(186,61,104     ,'Symi'                                  ,NOW()),
(187,61,104     ,'Tasos'                                 ,NOW()),
(188,61,104     ,'Zakintos'                              ,NOW()),
(189,61,NULL                                       ,'Grecja kontynentalna'                  ,NOW()),
(190,61,134     ,'Ateny i okolice'                       ,NOW()),
(191,61,134     ,'Attika'                                ,NOW()),
(192,61,134     ,'Epirus'                                ,NOW()),
(193,61,134     ,'Chalkidiki'                            ,NOW()),
(194,61,134     ,'Riwiera Olimpijska'                    ,NOW()),
(195,61,134     ,'Peloponez'                             ,NOW()),
(196,61,134     ,'Saloniki'                              ,NOW()),
(197,64,NULL                                       ,'Gruzja'                                ,NOW()),
(198,64,NULL                                       ,'Adżaria'                               ,NOW()),
(199,64,NULL                                       ,'Tbilisi'                               ,NOW()),
(200,65,NULL                                       ,'Basse Terre'                           ,NOW()),
(201,65,NULL                                       ,'Gosier'                                ,NOW()),
(202,65,NULL                                       ,'Grande Terre'                          ,NOW()),
(203,65,NULL                                       ,'Saint Barthelemy'                      ,NOW()),
(204,71,NULL                                       ,'Amsterdam'                             ,NOW()),
(205,2,NULL                                       ,'Delhi'                                 ,NOW()),
(206,2,NULL                                       ,'Goa'                                   ,NOW()),
(207,2,NULL                                       ,'Kerala'                                ,NOW()),
(208,75,NULL                                       ,'Istria'                                ,NOW()),
(209,75,NULL                                       ,'Południowa Dalmacja'                   ,NOW()),
(210,75,NULL                                       ,'Kvarner'                               ,NOW()),
(211,75,NULL                                       ,'Latarnia'                              ,NOW()),
(212,75,NULL                                       ,'Riwiera Makarska'                      ,NOW()),
(213,75,NULL                                       ,'Jeziora Plitwickie'                    ,NOW()),
(214,75,NULL                                       ,'Północna Dalmacja'                     ,NOW()),
(215,75,NULL                                       ,'Środkowa Dalmacja'                     ,NOW()),
(216,75,NULL                                       ,'Zagrzeb'                               ,NOW()),
(217,75,100     ,'Novigrad'                              ,NOW()),
(218,75,100     ,'Poreč'                                 ,NOW()),
(219,75,100     ,'Pula'                                  ,NOW()),
(220,75,100     ,'Rabac'                                 ,NOW()),
(221,75,100     ,'Rovinj'                                ,NOW()),
(222,75,100     ,'Umag'                                  ,NOW()),
(223,75,101     ,'Dubrovnik'                             ,NOW()),
(224,75,101     ,'Korčula'                               ,NOW()),
(225,75,101     ,'Orebić'                                ,NOW()),
(226,75,101     ,'Pelješac'                              ,NOW()),
(227,75,102     ,'Crikvenica'                            ,NOW()),
(228,75,102     ,'Krk'                                   ,NOW()),
(229,75,102     ,'Lošinj'                                ,NOW()),
(230,75,102     ,'Rab'                                   ,NOW()),
(231,75,106     ,'Brač'                                  ,NOW()),
(232,75,106     ,'Hvar'                                  ,NOW()),
(233,75,106     ,'Omiš'                                  ,NOW()),
(234,75,106     ,'Split'                                 ,NOW()),
(235,75,106     ,'Trogir'                                ,NOW()),
(236,77,NULL                                       ,'Lombok'                                ,NOW()),
(237,80,NULL                                       ,'Cork'                                  ,NOW()),
(238,80,NULL                                       ,'Dublin'                                ,NOW()),
(239,81,NULL                                       ,'Reykjavík'                             ,NOW()),
(240,82,NULL                                       ,'Eilat'                                 ,NOW()),
(241,82,NULL                                       ,'Jerozolima'                            ,NOW()),
(242,82,NULL                                       ,'Tel Awiw'                              ,NOW()),
(243,83,NULL                                       ,'Discovery Bay'                         ,NOW()),
(244,83,NULL                                       ,'Montego Bay'                           ,NOW()),
(245,83,NULL                                       ,'Negril'                                ,NOW()),
(246,83,NULL                                       ,'Ocho Rios'                             ,NOW()),
(247,83,NULL                                       ,'Oracabessa'                            ,NOW()),
(248,84,NULL                                       ,'Okinawa'                               ,NOW()),
(249,84,NULL                                       ,'Tokio'                                 ,NOW()),
(250,86,NULL                                       ,'Akaba'                                 ,NOW()),
(251,86,NULL                                       ,'Ammán'                                 ,NOW()),
(252,86,NULL                                       ,'Mŕtve more'                            ,NOW()),
(253,87,NULL                                       ,'Durban'                                ,NOW()),
(254,87,NULL                                       ,'Johannesburg'                          ,NOW()),
(255,87,NULL                                       ,'Kapské Mesto'                          ,NOW()),
(256,90,NULL                                       ,'Sihanoukville'                         ,NOW()),
(257,92,NULL                                       ,'Montreal'                              ,NOW()),
(258,92,NULL                                       ,'Ontario'                               ,NOW()),
(259,92,NULL                                       ,'Quebec'                                ,NOW()),
(260,92,NULL                                       ,'Toronto'                               ,NOW()),
(261,93,NULL                                       ,'El Hierro'                             ,NOW()),
(262,93,NULL                                       ,'Fuerteventura'                         ,NOW()),
(263,93,NULL                                       ,'Gran Canaria'                          ,NOW()),
(264,93,NULL                                       ,'La Gomera'                             ,NOW()),
(265,93,NULL                                       ,'Lanzarote'                             ,NOW()),
(266,93,NULL                                       ,'La Palma'                              ,NOW()),
(267,93,NULL                                       ,'Tenerife'                              ,NOW()),
(268,94,NULL                                       ,'Ostrov Boavista'                       ,NOW()),
(269,94,NULL                                       ,'Ostrov Sal'                            ,NOW()),
(270,94,NULL                                       ,'Ostrov Santiago'                       ,NOW()),
(271,94,NULL                                       ,'Ostrov Sao Vicente'                    ,NOW()),
(272,95,NULL                                       ,'Doha'                                  ,NOW()),
(273,97,NULL                                       ,'Diani Beach'                           ,NOW()),
(274,97,NULL                                       ,'Malindi'                               ,NOW()),
(275,97,NULL                                       ,'Mombasa'                               ,NOW()),
(276,97,NULL                                       ,'Watamu'                                ,NOW()),
(277,100,NULL                                       ,'San Andrés'                            ,NOW()),
(278,104,NULL                                       ,'Guanacaste'                            ,NOW()),
(279,104,NULL                                       ,'Puntarenas'                            ,NOW()),
(280,105,NULL                                       ,'Cayo Coco'                             ,NOW()),
(281,105,NULL                                       ,'Cayo Guillermo'                        ,NOW()),
(282,105,NULL                                       ,'Cayo Largo'                            ,NOW()),
(283,105,NULL                                       ,'Cayo Santa Maria'                      ,NOW()),
(284,105,NULL                                       ,'Holguín'                               ,NOW()),
(285,105,NULL                                       ,'La Habana'                             ,NOW()),
(286,105,NULL                                       ,'Varadero'                              ,NOW()),
(287,114,NULL                                       ,'Livonsko'                              ,NOW()),
(288,114,NULL                                       ,'Riga'                                  ,NOW()),
(289,114,NULL                                       ,'Zemgalsko'                             ,NOW()),
(290,117,NULL                                       ,'Balaton'                               ,NOW()),
(291,117,NULL                                       ,'Budapešť i okolí'                      ,NOW()),
(292,117,NULL                                       ,'Jezero Tisza'                          ,NOW()),
(293,117,NULL                                       ,'Jižní Dolní Zem'                       ,NOW()),
(294,117,NULL                                       ,'Jižní Zadunajsko'                      ,NOW()),
(295,117,NULL                                       ,'Maďarské termální lázně'               ,NOW()),
(296,117,NULL                                       ,'Severní Dolní Zem'                     ,NOW()),
(297,117,NULL                                       ,'Severní Maďarsko'                      ,NOW()),
(298,117,NULL                                       ,'Střední Zadunajsko'                    ,NOW()),
(299,117,NULL                                       ,'Západní Zadunajsko'                    ,NOW()),
(300,119,NULL                                       ,'Calheta'                               ,NOW()),
(301,119,NULL                                       ,'Caniço'                                ,NOW()),
(302,119,NULL                                       ,'Funchal'                               ,NOW()),
(303,119,NULL                                       ,'Machico'                               ,NOW()),
(304,119,NULL                                       ,'Paul do Mar'                           ,NOW()),
(305,119,NULL                                       ,'Santana'                               ,NOW()),
(306,120,NULL                                       ,'Borneo'                                ,NOW()),
(307,120,NULL                                       ,'Langkawi'                              ,NOW()),
(308,120,NULL                                       ,'Penang'                                ,NOW()),
(309,120,NULL                                       ,'Tioman'                                ,NOW()),
(310,122,NULL                                       ,'Atol Ari'                              ,NOW()),
(311,122,NULL                                       ,'Jižní Atol Male'                       ,NOW()),
(312,122,NULL                                       ,'Kaafu Atol'                            ,NOW()),
(313,122,NULL                                       ,'Lhaviyani Atol'                        ,NOW()),
(314,122,NULL                                       ,'Severní Atol Male'                     ,NOW()),
(315,124,NULL                                       ,'Bugibba a Qawra'                       ,NOW()),
(316,124,NULL                                       ,'Cirkewwa'                              ,NOW()),
(317,124,NULL                                       ,'Marfa'                                 ,NOW()),
(318,124,NULL                                       ,'Mellieha'                              ,NOW()),
(319,124,NULL                                       ,'Wyspa Gozo'                            ,NOW()),
(320,124,NULL                                       ,'Sliema'                                ,NOW()),
(321,124,NULL                                       ,'St. Julian'                            ,NOW()),
(322,124,NULL                                       ,'Valletta'                              ,NOW()),
(323,125,NULL                                       ,'Agadir'                                ,NOW()),
(324,125,NULL                                       ,'Fes'                                   ,NOW()),
(325,125,NULL                                       ,'Marrakech'                             ,NOW()),
(326,125,NULL                                       ,'Rabat'                                 ,NOW()),
(327,125,NULL                                       ,'Saidia'                                ,NOW()),
(328,125,NULL                                       ,'Vysoký Atlas'                          ,NOW()),
(329,127,NULL                                       ,'Les Trois Ilets'                       ,NOW()),
(330,127,NULL                                       ,'Półwysep Caravelle'                    ,NOW()),
(331,127,NULL                                       ,'Ste. Luce'                             ,NOW()),
(332,128,NULL                                       ,'Balaclava'                             ,NOW()),
(333,128,NULL                                       ,'Belle Mare'                            ,NOW()),
(334,128,NULL                                       ,'Blue Bay'                              ,NOW()),
(335,128,NULL                                       ,'Flic en Flac'                          ,NOW()),
(336,128,NULL                                       ,'Grand Baie'                            ,NOW()),
(337,128,NULL                                       ,'Grand Gaube'                           ,NOW()),
(338,128,NULL                                       ,'Grand Riviere'                         ,NOW()),
(339,128,NULL                                       ,'Le Morne'                              ,NOW()),
(340,128,NULL                                       ,'Tamarin'                               ,NOW()),
(341,128,NULL                                       ,'Trou aux Biches'                       ,NOW()),
(342,131,NULL                                       ,'Acapulco'                              ,NOW()),
(343,131,NULL                                       ,'Baja California'                       ,NOW()),
(344,131,NULL                                       ,'Cancún'                                ,NOW()),
(345,131,NULL                                       ,'Ciudad de México'                      ,NOW()),
(346,131,NULL                                       ,'Playa del Carmen'                      ,NOW()),
(347,131,NULL                                       ,'Riviera Maya'                          ,NOW()),
(348,131,NULL                                       ,'Yucatán'                               ,NOW()),
(349,144,NULL                                       ,'Bergen'                                ,NOW()),
(350,144,NULL                                       ,'Oslo'                                  ,NOW()),
(351,144,NULL                                       ,'Trondheim'                             ,NOW()),
(352,146,NULL                                       ,'Auckland'                              ,NOW()),
(353,147,NULL                                       ,'Barka'                                 ,NOW()),
(354,147,NULL                                       ,'Muscat'                                ,NOW()),
(355,147,NULL                                       ,'Salalah'                               ,NOW()),
(356,147,NULL                                       ,'Sur'                                   ,NOW()),
(357,156,NULL                                       ,'Morze Bałtyckie'                       ,NOW()),
(358,156,NULL                                       ,'Beskidy'                               ,NOW()),
(359,156,NULL                                       ,'Bieszczady'                            ,NOW()),
(360,156,NULL                                       ,'Dolny Śląsk'                           ,NOW()),
(361,156,NULL                                       ,'Kraków'                                ,NOW()),
(362,156,NULL                                       ,'Kujawy'                                ,NOW()),
(363,156,NULL                                       ,'Województwo Łódzkie'                   ,NOW()),
(364,156,NULL                                       ,'Województwo Lubelskie'                 ,NOW()),
(365,156,NULL                                       ,'Województwo Lubuskie'                  ,NOW()),
(366,156,NULL                                       ,'Małopolska'                            ,NOW()),
(367,156,NULL                                       ,'Mazowsze'                              ,NOW()),
(368,156,NULL                                       ,'Mazury'                                ,NOW()),
(369,156,NULL                                       ,'Województwo Opolskie'                  ,NOW()),
(370,156,NULL                                       ,'Województwo Podkarpackie'              ,NOW()),
(371,156,NULL                                       ,'Województwo Podlaskie'                 ,NOW()),
(372,156,NULL                                       ,'Pieniny Polskie'                       ,NOW()),
(373,156,NULL                                       ,'Tatry Polskie'                         ,NOW()),
(374,156,NULL                                       ,'Pomorze'                               ,NOW()),
(375,156,NULL                                       ,'Śląsk'                                 ,NOW()),
(376,156,NULL                                       ,'Sudety'                                ,NOW()),
(377,156,NULL                                       ,'Województwo Świętokrzyskie'            ,NOW()),
(378,156,NULL                                       ,'Warszawa'                              ,NOW()),
(379,156,NULL                                       ,'Wielkopolska'                          ,NOW()),
(380,156,NULL                                       ,'Województwo Zachodniopomorskie'        ,NOW()),
(381,158,NULL                                       ,'Algarve'                               ,NOW()),
(382,158,NULL                                       ,'Azory'                                 ,NOW()),
(383,158,NULL                                       ,'Estoril'                               ,NOW()),
(384,158,NULL                                       ,'Lizbona'                               ,NOW()),
(385,163,NULL                                       ,'La Saline les Bains'                   ,NOW()),
(386,167,NULL                                       ,'Bukareszt'                             ,NOW()),
(387,167,NULL                                       ,'Sinaia'                                ,NOW()),
(388,168,NULL                                       ,'Moskwa'                                ,NOW()),
(389,168,NULL                                       ,'Sankt Petersburg'                      ,NOW()),
(390,177,NULL                                       ,'La Digue'                              ,NOW()),
(391,177,NULL                                       ,'Mahé'                                  ,NOW()),
(392,177,NULL                                       ,'Mikro Wyspy Seszeli'                   ,NOW()),
(393,177,NULL                                       ,'Praslin'                               ,NOW()),
(394,181,NULL                                       ,'Bled'                                  ,NOW()),
(395,181,NULL                                       ,'Bohinj'                                ,NOW()),
(396,181,NULL                                       ,'Alpy Julijskie'                        ,NOW()),
(397,181,NULL                                       ,'Kranjska Gora'                         ,NOW()),
(398,181,NULL                                       ,'Lublana'                               ,NOW()),
(399,181,NULL                                       ,'Portoroż'                              ,NOW()),
(400,181,NULL                                       ,'Słoweńskie uzdrowiska'                 ,NOW()),
(401,181,NULL                                       ,'Słoweńskie wybrzeże'                   ,NOW()),
(402,183,NULL                                       ,'Abu Zabi'                              ,NOW()),
(403,183,NULL                                       ,'Ajman'                                 ,NOW()),
(404,183,NULL                                       ,'Dubaj'                                 ,NOW()),
(405,183,NULL                                       ,'Fudżajra'                              ,NOW()),
(406,183,NULL                                       ,'Ras al-Chajma'                         ,NOW()),
(407,183,NULL                                       ,'Szardża'                               ,NOW()),
(408,183,NULL                                       ,'Umm al-Kujwajn'                        ,NOW()),
(409,185,NULL                                       ,'Bentota'                               ,NOW()),
(410,185,NULL                                       ,'Beruwela'                              ,NOW()),
(411,185,NULL                                       ,'Prowincja Centralna'                   ,NOW()),
(412,185,NULL                                       ,'Colombo'                               ,NOW()),
(413,185,NULL                                       ,'Hikkaduwa'                             ,NOW()),
(414,185,NULL                                       ,'Induruwa'                              ,NOW()),
(415,185,NULL                                       ,'Prowincja Południowa'                  ,NOW()),
(416,185,NULL                                       ,'Kalutara'                              ,NOW()),
(417,185,NULL                                       ,'Koggala'                               ,NOW()),
(418,185,NULL                                       ,'Marawila'                              ,NOW()),
(419,185,NULL                                       ,'Negombo'                               ,NOW()),
(420,185,NULL                                       ,'Prowincja Sabaragamuva'                ,NOW()),
(421,185,NULL                                       ,'Prowincja Uva'                         ,NOW()),
(422,185,NULL                                       ,'Prowincja Północna'                    ,NOW()),
(423,185,NULL                                       ,'Prowincja Centralno-Północna'          ,NOW()),
(424,185,NULL                                       ,'Prowincja Północno-Zachodnia'          ,NOW()),
(425,185,NULL                                       ,'Tangalla'                              ,NOW()),
(426,185,NULL                                       ,'Trincomalee'                           ,NOW()),
(427,185,NULL                                       ,'Unawatuna'                             ,NOW()),
(428,185,NULL                                       ,'Prowincja Wschodnia'                   ,NOW()),
(429,185,NULL                                       ,'Waduwa'                                ,NOW()),
(430,185,NULL                                       ,'Prowincja Zachodnia'                   ,NOW()),
(431,200,NULL                                       ,'Bern'                                  ,NOW()),
(432,200,NULL                                       ,'Graubia'                               ,NOW()),
(433,200,NULL                                       ,'St. Moritz'                            ,NOW()),
(434,200,NULL                                       ,'Alpy Szwajcarskie'                     ,NOW()),
(435,200,NULL                                       ,'Ticino'                                ,NOW()),
(436,200,NULL                                       ,'Valais (Wallis)'                       ,NOW()),
(437,200,NULL                                       ,'Zurych'                                ,NOW()),
(438,200,NULL                                       ,'Genewa'                                ,NOW()),
(439,200,NULL                                       ,'Jezioro Genewskie'                     ,NOW()),
(440,201,NULL                                       ,'Sztokholm'                             ,NOW()),
(441,206,NULL                                       ,'Bangkok'                               ,NOW()),
(442,206,NULL                                       ,'Hua Hin'                               ,NOW()),
(443,206,NULL                                       ,'Khao Lak'                              ,NOW()),
(444,206,NULL                                       ,'Koh Chang'                             ,NOW()),
(445,206,NULL                                       ,'Koh Lanta'                             ,NOW()),
(446,206,NULL                                       ,'Koh Samet'                             ,NOW()),
(447,206,NULL                                       ,'Koh Samui'                             ,NOW()),
(448,206,NULL                                       ,'Koh Tao'                               ,NOW()),
(449,206,NULL                                       ,'Krabi'                                 ,NOW()),
(450,206,NULL                                       ,'Pattaya'                               ,NOW()),
(451,206,NULL                                       ,'Phi Phi'                               ,NOW()),
(452,206,NULL                                       ,'Phuket'                                ,NOW()),
(453,210,NULL                                       ,'Tobago'                                ,NOW()),
(454,210,NULL                                       ,'Trynidad'                              ,NOW()),
(455,211,NULL                                       ,'Bizerta'                               ,NOW()),
(456,211,NULL                                       ,'Borj Cedria'                           ,NOW()),
(457,211,NULL                                       ,'Dżerba'                                ,NOW()),
(458,211,NULL                                       ,'Hammamet'                              ,NOW()),
(459,211,NULL                                       ,'Mahdia'                                ,NOW()),
(460,211,NULL                                       ,'Monastir'                              ,NOW()),
(461,211,NULL                                       ,'Nabeul'                                ,NOW()),
(462,211,NULL                                       ,'Port El Kantaoui'                      ,NOW()),
(463,211,NULL                                       ,'Skanes'                                ,NOW()),
(464,211,NULL                                       ,'Susa'                                  ,NOW()),
(465,211,NULL                                       ,'Tabarka'                               ,NOW()),
(466,211,NULL                                       ,'Tunis'                                 ,NOW()),
(467,217,NULL                                       ,'Kijów'                                 ,NOW()),
(468,217,NULL                                       ,'Lwów'                                  ,NOW()),
(469,217,NULL                                       ,'Odessa'                                ,NOW()),
(470,219,NULL                                       ,'Alaska'                                ,NOW()),
(471,219,NULL                                       ,'Kalifornia'                            ,NOW()),
(472,219,NULL                                       ,'Floryda'                               ,NOW()),
(473,219,NULL                                       ,'Wyspy Hawajskie'                       ,NOW()),
(474,219,NULL                                       ,'Miami'                                 ,NOW()),
(475,219,NULL                                       ,'Nevada'                                ,NOW()),
(476,219,NULL                                       ,'Nowy Jork'                             ,NOW()),
(477,219,NULL                                       ,'Wyspy Dziewicze'                       ,NOW()),
(478,219,NULL                                       ,'Portoryko'                             ,NOW()),
(479,223,NULL                                       ,'Belfast'                               ,NOW()),
(480,223,NULL                                       ,'Birmingham'                            ,NOW()),
(481,223,NULL                                       ,'Brighton'                              ,NOW()),
(482,223,NULL                                       ,'Edynburg'                              ,NOW()),
(483,223,NULL                                       ,'Glasgow'                               ,NOW()),
(484,223,NULL                                       ,'Liverpool'                             ,NOW()),
(485,223,NULL                                       ,'Londyn'                                ,NOW()),
(486,223,NULL                                       ,'Manchester'                            ,NOW()),
(487,223,NULL                                       ,'Nowycastle'                            ,NOW()),
(488,223,NULL                                       ,'Szkocja'                               ,NOW()),
(489,224,NULL                                       ,'Isla Coche'                            ,NOW()),
(490,224,NULL                                       ,'Isla Margarita'                        ,NOW()),
(491,224,NULL                                       ,'Los Roques'                            ,NOW()),
(492,225,NULL                                       ,'Hanoi'                                 ,NOW()),
(493,225,NULL                                       ,'Nha Trang'                             ,NOW()),
(494,225,NULL                                       ,'Phan Thiet'                            ,NOW()),
(495,225,NULL                                       ,'Phu Quoc'                              ,NOW()),
(496,229,NULL                                       ,'Kiwengwa'                              ,NOW()),
(497,229,NULL                                       ,'Nungwi'                                ,NOW()),
(498,229,NULL                                       ,'Pingwe'                                ,NOW()),
(499,229,NULL                                       ,'Pwani Mchangani'                       ,NOW()),
(500,229,NULL                                       ,'Uroa'                                  ,NOW()),
(501,180,NULL                                       ,'Południowa Słowacja'                   ,NOW()),
(502,180,365     ,'Bratysława i okolice'         ,NOW()),
(503,180,365     ,'Słoneczne Jeziora'            ,NOW()),
(504,180,NULL    ,'Środkowa Słowacja'            ,NOW()),
(505,180,368     ,'Beskidy Kysuckie'             ,NOW()),
(506,180,368     ,'Liptów'                       ,NOW()),
(507,180,368     ,'Mała Fatra'                   ,NOW()),
(508,180,368     ,'Tatry Niżne'                  ,NOW()),
(509,180,368     ,'Beskidy Orawskie'             ,NOW()),
(510,180,368     ,'Wielka Fatra'                 ,NOW()),
(511,180,NULL    ,'Wschodnia Słowacja'           ,NOW()),
(512,180,375     ,'Pieniny'                      ,NOW()),
(513,180,375     ,'Połoniny'                     ,NOW()),
(514,180,375     ,'Słowacki Kras'                ,NOW()),
(515,180,375     ,'Słowacki Raj'                 ,NOW()),
(516,180,375     ,'Tatry Wysokie'                ,NOW()),
(517,180,375     ,'Tatry Zachodnie'              ,NOW()),
(518,180,NULL    ,'Zachodnia Słowacja'           ,NOW()),
(519,180,382     ,'Białe Karpaty'                ,NOW()),
(520,180,382     ,'Małe Karpaty'                 ,NOW()),
(521,161,NULL    ,'Burgenland'                   ,NOW()),
(522,161,NULL    ,'Dolna Austria'                ,NOW()),
(523,161,397     ,'Annaberg'                     ,NOW()),
(524,161,397     ,'Hochkar'                      ,NOW()),
(525,161,397     ,'Semmering / Zauberg'          ,NOW()),
(526,161,NULL    ,'Górna Austria'                ,NOW()),
(527,161,401     ,'Dachstein West'               ,NOW()),
(528,161,401     ,'Hinterstoder'                 ,NOW()),
(529,161,NULL    ,'Karyntia'                     ,NOW()),
(530,161,403     ,'Bad Kleinkirchheim'           ,NOW()),
(531,161,403     ,'Gerlitze'                     ,NOW()),
(532,161,403     ,'Innerkrems'                   ,NOW()),
(533,161,NULL    ,'Salzburg'                     ,NOW()),
(534,161,407     ,'Bad Gastein'                  ,NOW()),
(535,161,407     ,'Flachau'                      ,NOW()),
(536,161,NULL    ,'Wiedeń'                       ,NOW()),
(537,161,NULL    ,'Tyrol'                        ,NOW()),
(538,161,411     ,'Achensee'                     ,NOW()),
(539,161,411     ,'Alpbachtal / Wildschönau'     ,NOW()),
(540,161,411     ,'Ischgl / Kappl'               ,NOW()),
(541,161,NULL    ,'Vorarlberg'                   ,NOW()),
(542,161,NULL    ,'Wschodnie Tyrol'              ,NOW()),
(543,161,416     ,'Matrei / Kals'                ,NOW()),
(544,161,416     ,'St. Jakob'                    ,NOW()),
(545,212,NULL    ,'Turecko'                      ,NOW()),
(546,212,545     ,'Egejská riviéra'              ,NOW()),
(547,212,546     ,'Bodrum'                       ,NOW()),
(548,212,546     ,'Fethiye'                      ,NOW()),
(549,212,546     ,'Kusadasi'                     ,NOW()),
(550,212,546     ,'Marmaris'                     ,NOW()),
(551,212,545     ,'Istambul'                     ,NOW()),
(552,212,545     ,'Stredná Anatolie'             ,NOW()),
(553,212,545     ,'Turecká riviéra'              ,NOW()),
(554,212,553     ,'Alanya'                       ,NOW()),
(555,212,553     ,'Antalya'                      ,NOW()),
(556,212,553     ,'Belek'                        ,NOW()),
(557,212,553     ,'Kemer'                        ,NOW()),
(558,212,553     ,'Side'                         ,NOW());


