INSERT INTO Cestovka (Id,Nazov                ,ICO       ,Kontakt           ,Email                ,CreatedAt)
VALUES 
(1                             ,'Invia.sk            ,s.r.o.'   ,'35884797'        ,'+421 2 3221 0450'   ,'poradca@invia.sk'      ,NOW()),
(2                             ,'MINDO s.r.o.'                  ,'35902097'        ,'+421 2 6829 6898'   ,'info@mindotravel.sk'   ,NOW()),
(3                             ,'CK Fischer Slovensko,s.r.o.'   ,'35884820'        ,'+421 2 3255 8555'   ,'slovensko@ckfischer.sk',NOW()),
(4                             ,'EXIM Tours          ,a.s.'     ,'35884810'        ,'+421 2 5829 2929'   ,'info@eximtours.sk'     ,NOW()),
(5                             ,'Satur               ,s.r.o.'   ,'35884812'        ,'+421 2 5810 1414'   ,'satur@tck.sk'          ,NOW()),
(6                             ,'Aquacity Travel     ,s.r.o.'   ,'35945512'        ,'+421 52 77 39 888'  ,'info@aquacity.sk'      ,NOW()),
(7                             ,'Kartago Tours       ,a.s.'     ,'35884834'        ,'+421 2 3268 5301'   ,'info@kartago.sk'       ,NOW()),
(8                             ,'Hydro Travel        ,s.r.o.'   ,'35884835'        ,'+421 2 3210 2300'   ,'info@hydrotravel.sk'   ,NOW()),
(9                             ,'TipTravel           ,s.r.o.'   ,'35948729'        ,'+421 2 3210 8500'   ,'info@tiptravel.sk'     ,NOW()),
(10                            ,'TravelFan           ,s.r.o.'   ,'35902098'        ,'+421 2 6722 6200'   ,'info@travelfan.sk'     ,NOW()),
(11                            ,'Zelená cesta        ,s.r.o.'   ,'35884798'        ,'+421 2 3268 5322'   ,'info@zelenacesta.sk'   ,NOW()),
(12                            ,'Dovolenka           ,s.r.o.'   ,'35910234'        ,'+421 2 4455 2929'   ,'dovolenka@tck.sk'      ,NOW()),
(13                            ,'Saturn Travel       ,s.r.o.'   ,'35884860'        ,'+421 2 3210 2100'   ,'info@saturn.sk'        ,NOW()),
(14                            ,'CK Relax            ,s.r.o.'   ,'35950001'        ,'+421 2 5566 7788'   ,'info@ckrelax.sk'       ,NOW()),
(15                            ,'CK DAKA             ,s.r.o.'   ,'35884850'        ,'+421 2 4444 5555'   ,'info@daka.sk'          ,NOW()),
(16                            ,'CK Mundo            ,s.r.o.'   ,'35909922'        ,'+421 2 6810 2300'   ,'info@mundo.sk'         ,NOW()),
(17                            ,'CK Heureka          ,s.r.o.'   ,'35884860'        ,'+421 2 3269 0980'   ,'info@heureka.sk'       ,NOW()),
(18                            ,'CK Azur             ,s.r.o.'   ,'35901234'        ,'+421 2 3202 1200'   ,'info@azur.sk'          ,NOW()),
(19                            ,'CK Mária            ,s.r.o.'   ,'35884845'        ,'+421 2 3290 2000'   ,'info@ckmaria.sk'       ,NOW()),
(20                            ,'VIA TRAVEL          ,s.r.o.'   ,'35902312'        ,'+421 2 4923 4000'   ,'info@viatravel.sk'     ,NOW()),
(21                            ,'BUBO Travel         ,s.r.o.'   ,'35903322'        ,'+421 2 5411 8811'   ,'info@bubo.sk'          ,NOW()),
(22                            ,'CK Soltour          ,s.r.o.'   ,'35884859'        ,'+421 2 3300 1111'   ,'info@soltour.sk'       ,NOW()),
(23                            ,'CK Cestovka         ,s.r.o.'   ,'35905432'        ,'+421 2 4789 5900'   ,'info@cestovka.sk'      ,NOW());

INSERT INTO Food (Id,FoodName             ,CreatedAt)  VALUES
                 (1 ,'Bez stravy'         ,NOW()),
                 (2 ,'Raňajky'            ,NOW()),
                 (3 ,'Večera'             ,NOW()),
                 (4 ,'Polpenzia'          ,NOW()),
                 (5 ,'Plná penzia'        ,NOW()),
                 (6 ,'All Inclusive'      ,NOW()),
                 (7 ,'Ultra All Inclusive',NOW()),
                 (8 ,'Light All inclusive',NOW()),
                 (9 ,'Polpenzia s nápojmi',NOW());

INSERT INTO TourTypes (Id, TourTypesName, CreatedAt)  VALUES 
    (1, 'Pobytové'      , NOW()),
    (2, 'Lyžiarske'     , NOW()),
    (3, 'Poznávacie'    , NOW()),
    (4, 'Eurovíkendy'   , NOW()),
    (5, 'Športové'      , NOW()),
    (6, 'Plavby'        , NOW());

INSERT INTO Transport (Id   ,ParentTransportId  ,TransportName                   ,CreatedAt)
VALUES (1                   ,NULL               ,'Vlastná'                       ,NOW()),
       (2                   ,NULL               ,'Letecky'                       ,NOW()),
       (3                   ,NULL               ,'Autobus'                       ,NOW()),
       (4                   ,NULL               ,'Kombinovaná'                   ,NOW()),
       (5                   ,NULL               ,'Vlakom'                        ,NOW()),
       (6                   ,2                  ,'Slovenské letiská'             ,NOW()),
       (7                   ,6                  ,'Bratislava'                    ,NOW()),
       (8                   ,6                  ,'Košice'                        ,NOW()),
       (9                   ,6                  ,'Poprad'                        ,NOW()),
       (10                  ,6                  ,'Sliač'                         ,NOW()),
       (11                  ,6                  ,'Piešťany'                      ,NOW()),
       (12                  ,2                  ,'České letiská'                 ,NOW()),
       (13                  ,12                 ,'Praha'                         ,NOW()),
       (14                  ,12                 ,'Brno'                          ,NOW()),
       (15                  ,12                 ,'Ostrava'                       ,NOW()),
       (16                  ,12                 ,'Karlovy Vary'                  ,NOW()),
       (17                  ,12                 ,'Pardubice'                     ,NOW()),
       (18                  ,12                 ,'České Budějovice'              ,NOW()),
       (19                  ,2                  ,'Rakúske letiská'               ,NOW()),
       (20                  ,19                 ,'Graz'                          ,NOW()),
       (21                  ,19                 ,'Linz'                          ,NOW()),
       (22                  ,19                 ,'Salzburg'                      ,NOW()),
       (23                  ,19                 ,'Viedeň'                        ,NOW()),
       (24                  ,2                  ,'Maďarské letiská'              ,NOW()),
       (25                  ,24                 ,'Budapešť'                      ,NOW()),
       (26                  ,24                 ,'Debrecín'                      ,NOW()),
       (27                  ,2                  ,'Poľské letiská'                ,NOW()),
       (28                  ,27                 ,'Bydgoszcz'                     ,NOW()),
       (29                  ,27                 ,'Gdansk'                        ,NOW()),
       (30                  ,27                 ,'Katowice'                      ,NOW()),
       (31                  ,27                 ,'Krakov'                        ,NOW()),
       (32                  ,27                 ,'Lublin'                        ,NOW()),
       (33                  ,27                 ,'Łódź'                          ,NOW()),
       (34                  ,27                 ,'Poznaň'                        ,NOW()),
       (35                  ,27                 ,'Rzeszow'                       ,NOW()),
       (36                  ,27                 ,'Štetín'                        ,NOW()),
       (37                  ,27                 ,'Varšava'                       ,NOW()),
       (38                  ,27                 ,'Varšava-Modlin'                ,NOW()),
       (39                  ,27                 ,'Wroclaw'                       ,NOW()),
       (40                  ,27                 ,'Zielona-Góra'                  ,NOW()),
       (41                  ,27                 ,'Radom'                         ,NOW());

INSERT INTO Currency (Id, CurrencyName, CreatedAt)
VALUES (1, 'EUR',NOW()),
       (2, 'USD',NOW()),
       (3, 'GBP',NOW()),
       (4, 'CZK',NOW()),
       (5, 'PLN',NOW());

INSERT INTO country (id                ,IsNajziadanejsia,CountryName                               ,CreatedAt) VALUES
(1,false           ,'Afganistan'                              ,NOW()),
(2,false           ,'Albánsko'                                ,NOW()),
(3,false           ,'Alžírsko'                                ,NOW()),
(4,false           ,'Andorra'                                 ,NOW()),
(5,false           ,'Angola'                                  ,NOW()),
(6,false           ,'Anguilla'                                ,NOW()),
(7,false           ,'Antarktída'                              ,NOW()),
(8,false           ,'Antigua a Barbuda'                       ,NOW()),
(9,false           ,'Argentína'                               ,NOW()),
(10,false           ,'Arktída'                                 ,NOW()),
(11,false           ,'Arménsko'                                ,NOW()),
(12,false           ,'Aruba'                                   ,NOW()),
(13,false           ,'Austrália'                               ,NOW()),
(14,false           ,'Sydney'                                  ,NOW()),
(15,false           ,'Azerbajdžan'                             ,NOW()),
(16,false           ,'Bahamy'                                  ,NOW()),
(17,false           ,'Bahrajn'                                 ,NOW()),
(18,false           ,'Bali'                                    ,NOW()),
(19,false           ,'Bangladéš'                               ,NOW()),
(20,false           ,'Barbados'                                ,NOW()),
(21,false           ,'Barma'                                   ,NOW()),
(22,false           ,'Belgicko'                                ,NOW()),
(23,false           ,'Belize'                                  ,NOW()),
(24,false           ,'Benin'                                   ,NOW()),
(25,false           ,'Bhután'                                  ,NOW()),
(26,false           ,'Bielorusko'                              ,NOW()),
(27,false           ,'Bolívia'                                 ,NOW()),
(28,false           ,'Bonaire'                                 ,NOW()),
(29,false           ,'Bosna a Hercegovina'                     ,NOW()),
(30,false           ,'Botswana'                                ,NOW()),
(31,false           ,'Britské Panenské ostrovy'                ,NOW()),
(32,false           ,'Brunej'                                  ,NOW()),
(33,false           ,'Bulharsko'                               ,NOW()),
(34,false           ,'Burkina Faso'                            ,NOW()),
(35,false           ,'Burundi'                                 ,NOW()),
(36,false           ,'Cookove ostrovy'                         ,NOW()),
(37,false           ,'Curacao'                                 ,NOW()),
(38,true            ,'Cyprus'                                  ,NOW()),
(39,false           ,'Čad'                                     ,NOW()),
(40,false           ,'Česká republika'                         ,NOW()),
(41,false           ,'Čierna Hora'                             ,NOW()),
(42,false           ,'Čína'                                    ,NOW()),
(43,false           ,'Dánsko'                                  ,NOW()),
(44,false           ,'Dominika'                                ,NOW()),
(45,false           ,'Džibutsko'                               ,NOW()),
(46,true            ,'Egypt'                                   ,NOW()),
(47,false           ,'Ekvádor'                                 ,NOW()),
(48,false           ,'Eritrea'                                 ,NOW()),
(49,false           ,'Estónsko'                                ,NOW()),
(50,false           ,'Etiópia'                                 ,NOW()),
(51,false           ,'Falklandy'                               ,NOW()),
(52,false           ,'Fidži'                                   ,NOW()),
(53,false           ,'Filipíny'                                ,NOW()),
(54,false           ,'Fínsko'                                  ,NOW()),
(55,false           ,'Francúzska Guyana'                       ,NOW()),
(56,false           ,'Francúzska Polynézia'                    ,NOW()),
(57,false           ,'Francúzsko'                              ,NOW()),
(58,false           ,'Gabon'                                   ,NOW()),
(59,false           ,'Gambia'                                  ,NOW()),
(60,false           ,'Ghana'                                   ,NOW()),
(61,true            ,'Grécko'                                  ,NOW()),
(62,false           ,'Grenada'                                 ,NOW()),
(63,false           ,'Grónsko'                                 ,NOW()),
(64,false           ,'Gruzínsko'                               ,NOW()),
(65,false           ,'Guadalupe'                               ,NOW()),
(66,false           ,'Guatemala'                               ,NOW()),
(67,false           ,'Guinea'                                  ,NOW()),
(68,false           ,'Guinea-Bissau'                           ,NOW()),
(69,false           ,'Guyana'                                  ,NOW()),
(70,false           ,'Haiti'                                   ,NOW()),
(71,false           ,'Holandsko'                               ,NOW()),
(72,false           ,'Honduras'                                ,NOW()),
(73,false           ,'Hongkong'                                ,NOW()),
(74,false           ,'Chile'                                   ,NOW()),
(75,false           ,'Chorvátsko'                              ,NOW()),
(76,false           ,'India'                                   ,NOW()),
(77,false           ,'Indonézia'                               ,NOW()),
(78,false           ,'Irak'                                    ,NOW()),
(79,false           ,'Irán'                                    ,NOW()),
(80,false           ,'Írsko'                                   ,NOW()),
(81,false           ,'Island'                                  ,NOW()),
(82,false           ,'Izrael'                                  ,NOW()),
(83,false           ,'Jamajka'                                 ,NOW()),
(84,false           ,'Japonsko'                                ,NOW()),
(85,false           ,'Jemen'                                   ,NOW()),
(86,false           ,'Jordánsko'                               ,NOW()),
(87,false           ,'Juhoafrická republika'                   ,NOW()),
(88,false           ,'Južná Kórea'                             ,NOW()),
(89,false           ,'Kajmanské ostrovy'                       ,NOW()),
(90,false           ,'Kambodža'                                ,NOW()),
(91,false           ,'Kamerun'                                 ,NOW()),
(92,false           ,'Kanada'                                  ,NOW()),
(93,true            ,'Kanárske ostrovy'                        ,NOW()),
(94,true            ,'Kapverdské ostrovy'                      ,NOW()),
(95,false           ,'Katar'                                   ,NOW()),
(96,false           ,'Kazachstan'                              ,NOW()),
(97,false           ,'Keňa'                                    ,NOW()),
(98,false           ,'Kirgizsko'                               ,NOW()),
(99,false           ,'Kiribati'                                ,NOW()),
(100,false           ,'Kolumbia'                                ,NOW()),
(101,false           ,'Komory'                                  ,NOW()),
(102,false           ,'Konžská demokratická republika'          ,NOW()),
(103,false           ,'Kosovo'                                  ,NOW()),
(104,false           ,'Kostarika'                               ,NOW()),
(105,false           ,'Kuba'                                    ,NOW()),
(106,false           ,'Kuvajt'                                  ,NOW()),
(107,false           ,'Laos'                                    ,NOW()),
(108,false           ,'Lesotho'                                 ,NOW()),
(109,false           ,'Libanon'                                 ,NOW()),
(110,false           ,'Libéria'                                 ,NOW()),
(111,false           ,'Líbya'                                   ,NOW()),
(112,false           ,'Lichtenštajnsko'                         ,NOW()),
(113,false           ,'Litva'                                   ,NOW()),
(114,false           ,'Lotyšsko'                                ,NOW()),
(115,false           ,'Luxembursko'                             ,NOW()),
(116,false           ,'Macao'                                   ,NOW()),
(117,false           ,'Madagaskar'                              ,NOW()),
(118,false           ,'Maďarsko'                                ,NOW()),
(119,false           ,'Madeira'                                 ,NOW()),
(120,false           ,'Malajzia'                                ,NOW()),
(121,false           ,'Malawi'                                  ,NOW()),
(122,false           ,'Maldivy'                                 ,NOW()),
(123,false           ,'Mali'                                    ,NOW()),
(124,false           ,'Malta'                                   ,NOW()),
(125,false           ,'Maroko'                                  ,NOW()),
(126,false           ,'Marshallove ostrovy'                     ,NOW()),
(127,false           ,'Martinik'                                ,NOW()),
(128,false           ,'Maurícius'                               ,NOW()),
(129,false           ,'Mauritánia'                              ,NOW()),
(130,false           ,'Mayotte'                                 ,NOW()),
(131,false           ,'Mexiko'                                  ,NOW()),
(132,false           ,'Mikronésie'                              ,NOW()),
(133,false           ,'Moldavsko'                               ,NOW()),
(134,false           ,'Monako'                                  ,NOW()),
(135,false           ,'Mongolsko'                               ,NOW()),
(136,false           ,'Mozambik'                                ,NOW()),
(137,false           ,'Namíbia'                                 ,NOW()),
(138,false           ,'Nauru'                                   ,NOW()),
(139,false           ,'Nemecko'                                 ,NOW()),
(140,false           ,'Nepál'                                   ,NOW()),
(141,false           ,'Niger'                                   ,NOW()),
(142,false           ,'Nigéria'                                 ,NOW()),
(143,false           ,'Nikaragua'                               ,NOW()),
(144,false           ,'Nórsko'                                  ,NOW()),
(145,false           ,'Nová Kaledónia'                          ,NOW()),
(146,false           ,'Nový Zéland'                             ,NOW()),
(147,false           ,'Omán'                                    ,NOW()),
(148,false           ,'Pakistan'                                ,NOW()),
(149,false           ,'Palau'                                   ,NOW()),
(150,false           ,'Palestina'                               ,NOW()),
(151,false           ,'Panama'                                  ,NOW()),
(152,false           ,'Papua Nová Guinea'                       ,NOW()),
(153,false           ,'Paraguaj'                                ,NOW()),
(154,false           ,'Peru'                                    ,NOW()),
(155,false           ,'Pobrežie Slonoviny'                      ,NOW()),
(156,false           ,'Poľsko'                                  ,NOW()),
(157,false           ,'Portoriko'                               ,NOW()),
(158,false           ,'Portugalsko'                             ,NOW()),
(159,false           ,'Dominikánska republika'                  ,NOW()),
(160,false           ,'Zimbabwe'                                ,NOW()),
(161,false           ,'Rakúsko'                                 ,NOW()),
(162,false           ,'Republika Kongo'                         ,NOW()),
(163,false           ,'Réunion'                                 ,NOW()),
(164,false           ,'Roatan'                                  ,NOW()),
(165,false           ,'Rodrigues'                               ,NOW()),
(166,false           ,'Rovníková Guinea'                        ,NOW()),
(167,false           ,'Rumunsko'                                ,NOW()),
(168,false           ,'Rusko'                                   ,NOW()),
(169,false           ,'Rwanda'                                  ,NOW()),
(170,false           ,'Salvádor'                                ,NOW()),
(171,false           ,'Samoa'                                   ,NOW()),
(172,false           ,'San Maríno'                              ,NOW()),
(173,false           ,'Saudská Arábia'                          ,NOW()),
(174,false           ,'Senegal'                                 ,NOW()),
(175,false           ,'Severná Kórea'                           ,NOW()),
(176,false           ,'Severné Macedónsko'                      ,NOW()),
(177,false           ,'Seychely'                                ,NOW()),
(178,false           ,'Sierra Leone'                            ,NOW()),
(179,false           ,'Singapúr'                                ,NOW()),
(180,false           ,'Slovensko'                               ,NOW()),
(181,false           ,'Slovinsko'                               ,NOW()),
(182,false           ,'Somálsko'                                ,NOW()),
(183,true            ,'Spojené arabské emiráty'                 ,NOW()),
(184,false           ,'Srbsko'                                  ,NOW()),
(185,false           ,'Srí Lanka'                               ,NOW()),
(186,false           ,'Stredoafrická republika'                 ,NOW()),
(187,false           ,'Sudán'                                   ,NOW()),
(188,false           ,'Surinam'                                 ,NOW()),
(189,false           ,'Svätá Lucia'                             ,NOW()),
(190,false           ,'Svätý Krištof a Nevis'                   ,NOW()),
(191,false           ,'Svätý Tomáš a Princov ostrov iążęca'     ,NOW()),
(192,false           ,'Svazijsko'                               ,NOW()),
(193,false           ,'Sv. Bartolomej'                          ,NOW()),
(194,false           ,'Svet'                                    ,NOW()),
(195,false           ,'Sv. Martin'                              ,NOW()),
(196,false           ,'Sv. Vincent a Grenadíny'                 ,NOW()),
(197,false           ,'Sýria'                                   ,NOW()),
(198,false           ,'Šalamúnove ostrovy'                      ,NOW()),
(199,false           ,'Španielsko'                              ,NOW()),
(200,false           ,'Švajčiarsko'                             ,NOW()),
(201,false           ,'Švédsko'                                 ,NOW()),
(202,false           ,'Tadžikistan'                             ,NOW()),
(203,false           ,'Taiwan'                                  ,NOW()),
(204,false           ,'Taliansko'                               ,NOW()),
(205,false           ,'Tanzánia'                                ,NOW()),
(206,false           ,'Thajsko'                                 ,NOW()),
(207,false           ,'Tibet'                                   ,NOW()),
(208,false           ,'Togo'                                    ,NOW()),
(209,false           ,'Tonga'                                   ,NOW()),
(210,false           ,'Trinidad a Tobago'                       ,NOW()),
(211,false           ,'Tunisko'                                 ,NOW()),
(212,true            ,'Turecko'                                 ,NOW()),
(213,false           ,'Turkménsko'                              ,NOW()),
(214,false           ,'Turks a Caicos'                          ,NOW()),
(215,false           ,'Tuvalu'                                  ,NOW()),
(216,false           ,'Uganda'                                  ,NOW()),
(217,false           ,'Ukrajina'                                ,NOW()),
(218,false           ,'Uruguaj'                                 ,NOW()),
(219,false           ,'USA'                                     ,NOW()),
(220,false           ,'Uzbekistan'                              ,NOW()),
(221,false           ,'Vanuatu'                                 ,NOW()),
(222,false           ,'Vatikán'                                 ,NOW()),
(223,false           ,'Veľká Británia'                          ,NOW()),
(224,false           ,'Venezuela'                               ,NOW()),
(225,false           ,'Vietnam'                                 ,NOW()),
(226,false           ,'Východný Timor'                          ,NOW()),
(227,false           ,'Wallis a Futuna'                         ,NOW()),
(228,false           ,'Zambia'                                  ,NOW()),
(229,false           ,'Zanzibar'                                ,NOW()),
(230,false           ,'Západná Sahara'                          ,NOW());

INSERT INTO jobstate (Id,Name             ,Code          ,CreatedAt) VALUES
 (1                     ,'Naplánovaný'    ,'SCHEDULED'   ,NOW()),
 (2                     ,'Spracováva sa'  ,'PROCESSING'  ,NOW()),
 (3                     ,'Spracovaný'     ,'FINISHED'    ,NOW()),
 (4                     ,'Systémová chyba','SYSTEM_ERROR',NOW()),
 (5                     ,'Zrušený'        ,'CANCELED'    ,NOW());

 INSERT INTO jobcode (Id, Code, Name, Description, CreatedAt) VALUES
 (1,'01','Import dat Invia.sk','ImportDat invia.sk',NOW());

 INSERT INTO job (Id,Name, Virtualka, JobCodeId, jobStateId, ScheduledTime, InputParameters, Description, CreatedAt ) VALUES
('45491f82-3333-3333-3333-000bfd000001','ImportInvia_ALL','1',1, 1, '2025-02-28 23:00:00', '{"url":"https://affil.invia.sk/direct/core/tool_xml-feed/download/id/8548540-67c1c02a82ffc/", "minutes":"20"}', 'Import DB Invia.sk',NOW()),
('45491f82-3333-3333-3333-000bfd000002','Invia_EGYPT','1',1, 1, '2025-02-28 23:00:00', '{"url":"https://affil.invia.sk/direct/core/tool_xml-feed/download/id/8548540-67bc2c47427e4/", "minutes":"20"}', 'Import DB Invia.sk',NOW()),
('45491f82-3333-3333-3333-000bfd000003','Invia_GRECKO','1',1, 1, '2025-02-28 23:00:00', '{"url":"https://affil.invia.sk/direct/core/tool_xml-feed/download/id/8548540-67bc455919cdd/", "minutes":"20"}', 'Import DB Invia.sk',NOW()),
('45491f82-3333-3333-3333-000bfd000004','Invia_TURECKO','1',1, 1, '2025-02-28 23:00:00', '{"url":"https://affil.invia.sk/direct/core/tool_xml-feed/download/id/8548540-67bc4f9eba675/", "minutes":"20"}', 'Import DB Invia.sk',NOW()),
('45491f82-3333-3333-3333-000bfd000005','Invia_TUNISKOCYPRUS','1',1, 1, '2025-02-28 23:00:00', '{"url":"https://affil.invia.sk/direct/core/tool_xml-feed/download/id/8548540-67bc5e1aa67fc/", "minutes":"20"}', 'Import DB Invia.sk',NOW()),
('45491f82-3333-3333-3333-000bfd000006','Invia_BULHSPAN','1',1, 1, '2025-02-28 23:00:00', '{"url":"https://affil.invia.sk/direct/core/tool_xml-feed/download/id/8548540-67c9582e7cb81/", "minutes":"20"}', 'Import DB Invia.sk',NOW()),
('45491f82-3333-3333-3333-000bfd000007','Invia_KAPOSTROVY','1',1, 1, '2025-02-28 23:00:00', '{"url":"https://affil.invia.sk/direct/core/tool_xml-feed/download/id/8548540-680e005c2e3bb/", "minutes":"20"}', 'Import DB Invia.sk',NOW());

INSERT INTO Locality (Id               ,CountryId                             ,ParentLocalityId                      ,LocalityName                                         ,CreatedAt)VALUES
(1,2,NULL                                  ,'Albánska riviéra'                                   ,NOW()),
(2,2,NULL                                  ,'Durrës'                                             ,NOW()),
(3,2,NULL                                  ,'Pobřeží Jónského moře'                              ,NOW()),
(4,2,NULL                                  ,'Saranda'                                            ,NOW()),
(5,2,NULL                                  ,'Tirana'                                             ,NOW()),
(6,9,NULL                                  ,'Buenos Aires'                                       ,NOW()),
(7,12,NULL                                  ,'Eagle Beach'                                        ,NOW()),
(8,12,NULL                                  ,'Palm Beach'                                         ,NOW()),
(9,13,NULL                                  ,'Cairns'                                             ,NOW()),
(10,13,NULL                                  ,'Melbourne'                                          ,NOW()),
(11,13,NULL                                  ,'Queensland'                                         ,NOW()),
(12,18,NULL                                  ,'Kuta Beach'                                         ,NOW()),
(13,18,NULL                                  ,'Nusa Dua Beach'                                     ,NOW()),
(14,18,NULL                                  ,'Sanur'                                              ,NOW()),
(15,18,NULL                                  ,'Seminyak'                                           ,NOW()),
(16,18,NULL                                  ,'Ubud'                                               ,NOW()),
(17,20,NULL                                  ,'St. Lawrence Gap'                                   ,NOW()),
(18,22,NULL                                  ,'Brusel'                                             ,NOW()),
(19,22,NULL                                  ,'Vlámsko'                                            ,NOW()),
(20,27,NULL                                  ,'Tupiza'                                             ,NOW()),
(21,29,NULL                                  ,'Neum'                                               ,NOW()),
(22,30,NULL                                  ,'Brazília'                                           ,NOW()),
(23,30,NULL                                  ,'Amazónia'                                           ,NOW()),
(24,30,NULL                                  ,'Bahia'                                              ,NOW()),
(25,30,NULL                                  ,'Buzios'                                             ,NOW()),
(26,30,NULL                                  ,'Ceará'                                              ,NOW()),
(27,30,NULL                                  ,'Fortaleza'                                          ,NOW()),
(28,30,NULL                                  ,'Natal'                                              ,NOW()),
(29,30,NULL                                  ,'Paraná'                                             ,NOW()),
(30,30,NULL                                  ,'Pernambuco'                                         ,NOW()),
(31,30,NULL                                  ,'Porto das Dunas'                                    ,NOW()),
(32,30,NULL                                  ,'Praia das Fontes'                                   ,NOW()),
(33,30,NULL                                  ,'Rio De Janeiro'                                     ,NOW()),
(34,30,NULL                                  ,'Sao Paulo'                                          ,NOW()),
(35,33,NULL                                  ,'Achtopol'                                           ,NOW()),
(36,33,NULL                                  ,'Albena'                                             ,NOW()),
(37,33,NULL                                  ,'Balčik'                                             ,NOW()),
(38,33,NULL                                  ,'Bansko'                                             ,NOW()),
(39,33,NULL                                  ,'Bjala'                                              ,NOW()),
(40,33,NULL                                  ,'Burgas'                                             ,NOW()),
(41,33,NULL                                  ,'Carevo'                                             ,NOW()),
(42,33,NULL                                  ,'Čiernomorec'                                        ,NOW()),
(43,33,NULL                                  ,'Djuni'                                              ,NOW()),
(44,33,NULL                                  ,'Elenite'                                            ,NOW()),
(45,33,NULL                                  ,'Kiten'                                              ,NOW()),
(46,33,NULL                                  ,'Krajmorie'                                          ,NOW()),
(47,33,NULL                                  ,'Kranevo'                                            ,NOW()),
(48,33,NULL                                  ,'Lozenec'                                            ,NOW()),
(49,33,NULL                                  ,'Nesebar'                                            ,NOW()),
(50,33,NULL                                  ,'Obzor'                                              ,NOW()),
(51,33,NULL                                  ,'Pamporovo'                                          ,NOW()),
(52,33,NULL                                  ,'Pomorie'                                            ,NOW()),
(53,33,NULL                                  ,'Prímorsko'                                          ,NOW()),
(54,33,NULL                                  ,'Ravda'                                              ,NOW()),
(55,33,NULL                                  ,'Sinemorec'                                          ,NOW()),
(56,33,NULL                                  ,'Slnečné Pobrežie'                                   ,NOW()),
(57,33,NULL                                  ,'Sofia'                                              ,NOW()),
(58,33,NULL                                  ,'Sozopol'                                            ,NOW()),
(59,33,NULL                                  ,'Sveti Vlas'                                         ,NOW()),
(60,33,NULL                                  ,'Sv. Konštantín'                                     ,NOW()),
(61,33,NULL                                  ,'Varna'                                              ,NOW()),
(62,33,NULL                                  ,'Zlaté Piesky'                                       ,NOW()),
(63,38,NULL                                  ,'Ayia Napa'                                          ,NOW()),
(64,38,NULL                                  ,'Coral Bay'                                          ,NOW()),
(65,38,NULL                                  ,'Kissonerga'                                         ,NOW()),
(66,38,NULL                                  ,'Larnaca'                                            ,NOW()),
(67,38,NULL                                  ,'Limassol'                                           ,NOW()),
(68,38,NULL                                  ,'Nicosia'                                            ,NOW()),
(69,38,NULL                                  ,'Paphos (Pafos)'                                     ,NOW()),
(70,38,NULL                                  ,'Protaras'                                           ,NOW()),
(71,38,NULL                                  ,'Severný Cyprus'                                     ,NOW()),
(72,40,NULL                                  ,'Beskydy'                                            ,NOW()),
(73,40,NULL                                  ,'Broumovsko'                                         ,NOW()),
(74,40,NULL                                  ,'Český Raj'                                          ,NOW()),
(75,40,NULL                                  ,'Drahanská vrchovina'                                ,NOW()),
(76,40,NULL                                  ,'Jeseníky'                                           ,NOW()),
(77,40,NULL                                  ,'Jizerské hory'                                      ,NOW()),
(78,40,NULL                                  ,'Južná Morava'                                       ,NOW()),
(79,40,NULL                                  ,'Južné Čechy'                                        ,NOW()),
(80,40,NULL                                  ,'Krkonoše'                                           ,NOW()),
(81,40,NULL                                  ,'Krušné Hory'                                        ,NOW()),
(82,40,NULL                                  ,'Lipno'                                              ,NOW()),
(83,40,NULL                                  ,'Moravský kras'                                      ,NOW()),
(84,40,NULL                                  ,'Orlické hory'                                       ,NOW()),
(85,40,NULL                                  ,'Praha a okolie'                                     ,NOW()),
(86,40,NULL                                  ,'Severná Morava'                                     ,NOW()),
(87,40,NULL                                  ,'Severné Čechy'                                      ,NOW()),
(88,40,NULL                                  ,'Stredná Morava'                                     ,NOW()),
(89,40,NULL                                  ,'Stredné Čechy'                                      ,NOW()),
(90,40,NULL                                  ,'Šumava'                                             ,NOW()),
(91,40,NULL                                  ,'Valašsko'                                           ,NOW()),
(92,40,NULL                                  ,'Východné Čechy'                                     ,NOW()),
(93,40,NULL                                  ,'Vysočina'                                           ,NOW()),
(94,40,NULL                                  ,'Západné Čechy'                                      ,NOW()),
(95,41,NULL                                  ,'Bar'                                                ,NOW()),
(96,41,NULL                                  ,'Bečiči'                                             ,NOW()),
(97,41,NULL                                  ,'Budva'                                              ,NOW()),
(98,41,NULL                                  ,'Herceg Novi'                                        ,NOW()),
(99,41,NULL                                  ,'Petrovac'                                           ,NOW()),
(100,41,NULL                                  ,'Sutomore'                                           ,NOW()),
(101,41,NULL                                  ,'Svätý Štefan'                                       ,NOW()),
(102,41,NULL                                  ,'Tivat'                                              ,NOW()),
(103,41,NULL                                  ,'Ulcinj'                                             ,NOW()),
(104,42,NULL                                  ,'Hongkong'                                           ,NOW()),
(105,42,NULL                                  ,'Chaj-nan'                                           ,NOW()),
(106,42,NULL                                  ,'Peking'                                             ,NOW()),
(107,43,NULL                                  ,'Kodaň'                                              ,NOW()),
(108,43,NULL                                  ,'Faerské ostrovy'                                    ,NOW()),
(109,159,NULL                                  ,'Bayahibe'                                           ,NOW()),
(110,159,NULL                                  ,'Boca Chica'                                         ,NOW()),
(111,159,NULL                                  ,'Juan Dolio'                                         ,NOW()),
(112,159,NULL                                  ,'La Romana'                                          ,NOW()),
(113,159,NULL                                  ,'Polostrov Samana'                                   ,NOW()),
(114,159,NULL                                  ,'Puerto Plata'                                       ,NOW()),
(115,159,NULL                                  ,'Punta Cana'                                         ,NOW()),
(116,159,NULL                                  ,'Santo Domingo'                                      ,NOW()),
(117,46,NULL                                  ,'Ain Soukhna'                                        ,NOW()),
(118,46,NULL                                  ,'Alexandria'                                         ,NOW()),
(119,46,NULL                                  ,'Dahab'                                              ,NOW()),
(120,46,NULL                                  ,'Hurghada'                                           ,NOW()),
(121,46,NULL                                  ,'Káhira'                                             ,NOW()),
(122,46,NULL                                  ,'Marsa Alam'                                         ,NOW()),
(123,46,NULL                                  ,'Marsa Matrouh'                                      ,NOW()),
(124,46,NULL                                  ,'Sahl Hasheesh'                                      ,NOW()),
(125,46,NULL                                  ,'Sharm El Sheikh'                                    ,NOW()),
(126,46,NULL                                  ,'Taba'                                               ,NOW()),
(127,49,NULL                                  ,'Läänemaa'                                           ,NOW()),
(128,49,NULL                                  ,'Mõhu'                                               ,NOW()),
(129,49,NULL                                  ,'Tallin'                                             ,NOW()),
(130,49,NULL                                  ,'Virumaa'                                            ,NOW()),
(131,52,NULL                                  ,'Mamanuca'                                           ,NOW()),
(132,52,NULL                                  ,'Viti Levu'                                          ,NOW()),
(133,53,NULL                                  ,'Malay - ostrov Boracay'                             ,NOW()),
(134,53,NULL                                  ,'Ostrov Cebu/Mactan'                                 ,NOW()),
(135,56,NULL                                  ,'Bora Bora'                                          ,NOW()),
(136,56,NULL                                  ,'Huahine'                                            ,NOW()),
(137,56,NULL                                  ,'Moorea'                                             ,NOW()),
(138,56,NULL                                  ,'Raiatea'                                            ,NOW()),
(139,56,NULL                                  ,'Tahiti'                                             ,NOW()),
(140,57,NULL                                  ,'Akvitánia'                                          ,NOW()),
(141,57,NULL                                  ,'Alsasko'                                            ,NOW()),
(142,57,NULL                                  ,'Azúrove pobrežie (Francúzska riviéra), Francuska)'  ,NOW()),
(143,57,NULL                                  ,'Bretónsko'                                          ,NOW()),
(144,57,NULL                                  ,'Burgundsko'                                         ,NOW()),
(145,57,NULL                                  ,'Costa Plana'                                        ,NOW()),
(146,57,NULL                                  ,'Flaine'                                             ,NOW()),
(147,57,NULL                                  ,'Francúzske Alpy'                                    ,NOW()),
(148,57,NULL                                  ,'Korzika'                                            ,NOW()),
(149,57,NULL                                  ,'La Foret Blanche'                                   ,NOW()),
(150,57,NULL                                  ,'La Grave'                                           ,NOW()),
(151,57,NULL                                  ,'Languedoc - Roussillon'                             ,NOW()),
(152,57,NULL                                  ,'Lyon'                                               ,NOW()),
(153,57,NULL                                  ,'Maine - Anjou'                                      ,NOW()),
(154,57,NULL                                  ,'Normandia'                                          ,NOW()),
(155,57,NULL                                  ,'Paríž'                                              ,NOW()),
(156,57,NULL                                  ,'Provencia'                                          ,NOW()),
(157,57,NULL                                  ,'Pyreneje'                                           ,NOW()),
(158,61,NULL                                  ,'Grécke ostrovy'                                     ,NOW()),
(159,61,104,'Alonissos'                                          ,NOW()),
(160,61,104,'Evia'                                               ,NOW()),
(161,61,104,'Chios'                                              ,NOW()),
(162,61,104,'Ios'                                                ,NOW()),
(163,61,104,'Ithaka'                                             ,NOW()),
(164,61,104,'Kalymnos'                                           ,NOW()),
(165,61,104,'Karpathos'                                          ,NOW()),
(166,61,104,'Kefalónia'                                          ,NOW()),
(167,61,104,'Korfu'                                              ,NOW()),
(168,61,104,'Kos'                                                ,NOW()),
(169,61,104,'Kréta'                                              ,NOW()),
(170,61,104,'Kythira'                                            ,NOW()),
(171,61,104,'Lefkada'                                            ,NOW()),
(172,61,104,'Lesbos'                                             ,NOW()),
(173,61,104,'Limnos'                                             ,NOW()),
(174,61,104,'Mykonos'                                            ,NOW()),
(175,61,104,'Naxos'                                              ,NOW()),
(176,61,104,'Nisyros'                                            ,NOW()),
(177,61,104,'Paros'                                              ,NOW()),
(178,61,104,'Paxi'                                               ,NOW()),
(179,61,104,'Rodos'                                              ,NOW()),
(180,61,104,'Samos'                                              ,NOW()),
(181,61,104,'Santorini'                                          ,NOW()),
(182,61,104,'Severné Sporady'                                    ,NOW()),
(183,61,104,'Skiathos'                                           ,NOW()),
(184,61,104,'Skopelos'                                           ,NOW()),
(185,61,104,'Skyros'                                             ,NOW()),
(186,61,104,'Symi'                                               ,NOW()),
(187,61,104,'Thassos'                                            ,NOW()),
(188,61,104,'Zakynthos'                                          ,NOW()),
(189,61,NULL                                  ,'Grécko pevnina'                                     ,NOW()),
(190,61,134,'Atény a okolie'                                     ,NOW()),
(191,61,134,'Attika'                                             ,NOW()),
(192,61,134,'Epirus'                                             ,NOW()),
(193,61,134,'Chalkidiki'                                         ,NOW()),
(194,61,134,'Olympská riviéra'                                   ,NOW()),
(195,61,134,'Peloponéz'                                          ,NOW()),
(196,61,134,'Solún'                                              ,NOW()),
(197,64,NULL                                  ,'Gruzínsko'                                          ,NOW()),
(198,64,NULL                                  ,'Adžárie'                                            ,NOW()),
(199,64,NULL                                  ,'Tbilisi'                                            ,NOW()),
(200,65,NULL                                  ,'Basse Terre'                                        ,NOW()),
(201,65,NULL                                  ,'Gosier'                                             ,NOW()),
(202,65,NULL                                  ,'Grande Terre'                                       ,NOW()),
(203,65,NULL                                  ,'Saint Barthelemy'                                   ,NOW()),
(204,71,NULL                                  ,'Amsterdam'                                          ,NOW()),
(205,2,NULL                                  ,'Dillí'                                              ,NOW()),
(206,2,NULL                                  ,'Goa'                                                ,NOW()),
(207,2,NULL                                  ,'Kerala'                                             ,NOW()),
(208,75,NULL                                  ,'Istria'                                             ,NOW()),
(209,75,NULL                                  ,'Južná Dalmácia'                                     ,NOW()),
(210,75,NULL                                  ,'Kvarner'                                            ,NOW()),
(211,75,NULL                                  ,'Lanterna'                                           ,NOW()),
(212,75,NULL                                  ,'Makarská riviéra'                                   ,NOW()),
(213,75,NULL                                  ,'Plitvické jazerá'                                   ,NOW()),
(214,75,NULL                                  ,'Severná Dalmácia'                                   ,NOW()),
(215,75,NULL                                  ,'Stredná Dalmácia'                                   ,NOW()),
(216,75,NULL                                  ,'Záhreb'                                             ,NOW()),
(217,75,100,'Novigrad'                                           ,NOW()),
(218,75,100,'Poreč'                                              ,NOW()),
(219,75,100,'Pula'                                               ,NOW()),
(220,75,100,'Rabac'                                              ,NOW()),
(221,75,100,'Rovinj'                                             ,NOW()),
(222,75,100,'Umag'                                               ,NOW()),
(223,75,101,'Dubrovník'                                          ,NOW()),
(224,75,101,'Korčuľa'                                            ,NOW()),
(225,75,101,'Orebič'                                             ,NOW()),
(226,75,101,'Pelješac'                                           ,NOW()),
(227,75,102,'Crikvenica'                                         ,NOW()),
(228,75,102,'Krk'                                                ,NOW()),
(229,75,102,'Lošinj'                                             ,NOW()),
(230,75,102,'Rab'                                                ,NOW()),
(231,75,106,'Brač'                                               ,NOW()),
(232,75,106,'Hvar'                                               ,NOW()),
(233,75,106,'Omiš'                                               ,NOW()),
(234,75,106,'Split'                                              ,NOW()),
(235,75,106,'Trogir'                                             ,NOW()),
(236,77,NULL                                  ,'Lombok'                                             ,NOW()),
(237,80,NULL                                  ,'Cork'                                               ,NOW()),
(238,80,NULL                                  ,'Dublin'                                             ,NOW()),
(239,81,NULL                                  ,'Reykjavík'                                          ,NOW()),
(240,82,NULL                                  ,'Eilat'                                              ,NOW()),
(241,82,NULL                                  ,'Jeruzalém'                                          ,NOW()),
(242,82,NULL                                  ,'Tel Aviv'                                           ,NOW()),
(243,83,NULL                                  ,'Discovery Bay'                                      ,NOW()),
(244,83,NULL                                  ,'Montego Bay'                                        ,NOW()),
(245,83,NULL                                  ,'Negril'                                             ,NOW()),
(246,83,NULL                                  ,'Ocho Rios'                                          ,NOW()),
(247,83,NULL                                  ,'Oracabessa'                                         ,NOW()),
(248,84,NULL                                  ,'Okinawa'                                            ,NOW()),
(249,84,NULL                                  ,'Tokio'                                              ,NOW()),
(250,86,NULL                                  ,'Akaba'                                              ,NOW()),
(251,86,NULL                                  ,'Ammán'                                              ,NOW()),
(252,86,NULL                                  ,'Mŕtve more'                                         ,NOW()),
(253,87,NULL                                  ,'Durban'                                             ,NOW()),
(254,87,NULL                                  ,'Johannesburg'                                       ,NOW()),
(255,87,NULL                                  ,'Kapské Mesto'                                       ,NOW()),
(256,90,NULL                                  ,'Sihanoukville'                                      ,NOW()),
(257,92,NULL                                  ,'Montreal'                                           ,NOW()),
(258,92,NULL                                  ,'Ontario'                                            ,NOW()),
(259,92,NULL                                  ,'Quebec'                                             ,NOW()),
(260,92,NULL                                  ,'Toronto'                                            ,NOW()),
(261,93,NULL                                  ,'El Hierro'                                          ,NOW()),
(262,93,NULL                                  ,'Fuerteventura'                                      ,NOW()),
(263,93,NULL                                  ,'Gran Canaria'                                       ,NOW()),
(264,93,NULL                                  ,'La Gomera'                                          ,NOW()),
(265,93,NULL                                  ,'Lanzarote'                                          ,NOW()),
(266,93,NULL                                  ,'La Palma'                                           ,NOW()),
(267,93,NULL                                  ,'Tenerife'                                           ,NOW()),
(268,94,NULL                                  ,'Ostrov Boavista'                                    ,NOW()),
(269,94,NULL                                  ,'Ostrov Sal'                                         ,NOW()),
(270,94,NULL                                  ,'Ostrov Santiago'                                    ,NOW()),
(271,94,NULL                                  ,'Ostrov Sao Vicente'                                 ,NOW()),
(272,95,NULL                                  ,'Doha'                                               ,NOW()),
(273,97,NULL                                  ,'Diani Beach'                                        ,NOW()),
(274,97,NULL                                  ,'Malindi'                                            ,NOW()),
(275,97,NULL                                  ,'Mombasa'                                            ,NOW()),
(276,97,NULL                                  ,'Watamu'                                             ,NOW()),
(277,100,NULL                                  ,'San Andrés'                                         ,NOW()),
(278,104,NULL                                  ,'Guanacaste'                                         ,NOW()),
(279,104,NULL                                  ,'Puntarenas'                                         ,NOW()),
(280,105,NULL                                  ,'Cayo Coco'                                          ,NOW()),
(281,105,NULL                                  ,'Cayo Guillermo'                                     ,NOW()),
(282,105,NULL                                  ,'Cayo Largo'                                         ,NOW()),
(283,105,NULL                                  ,'Cayo Santa Maria'                                   ,NOW()),
(284,105,NULL                                  ,'Holguín'                                            ,NOW()),
(285,105,NULL                                  ,'La Habana'                                          ,NOW()),
(286,105,NULL                                  ,'Varadero'                                           ,NOW()),
(287,114,NULL                                  ,'Livonsko'                                           ,NOW()),
(288,114,NULL                                  ,'Riga'                                               ,NOW()),
(289,114,NULL                                  ,'Zemgalsko'                                          ,NOW()),
(290,117,NULL                                  ,'Balaton'                                            ,NOW()),
(291,117,NULL                                  ,'Budapešť a okolie'                                  ,NOW()),
(292,117,NULL                                  ,'Jazero Tisza'                                       ,NOW()),
(293,117,NULL                                  ,'Južná Dolná Zem'                                    ,NOW()),
(294,117,NULL                                  ,'Južné Zadunajsko'                                   ,NOW()),
(295,117,NULL                                  ,'Maďarské termálne kúpele'                           ,NOW()),
(296,117,NULL                                  ,'Severná Dolná Zem'                                  ,NOW()),
(297,117,NULL                                  ,'Severné Maďarsko'                                   ,NOW()),
(298,117,NULL                                  ,'Stredné Zadunajsko'                                 ,NOW()),
(299,117,NULL                                  ,'Západné Zadunajsko'                                 ,NOW()),
(300,119,NULL                                  ,'Calheta'                                            ,NOW()),
(301,119,NULL                                  ,'Caniço'                                             ,NOW()),
(302,119,NULL                                  ,'Funchal'                                            ,NOW()),
(303,119,NULL                                  ,'Machico'                                            ,NOW()),
(304,119,NULL                                  ,'Paul do Mar'                                        ,NOW()),
(305,119,NULL                                  ,'Santana'                                            ,NOW()),
(306,120,NULL                                  ,'Borneo'                                             ,NOW()),
(307,120,NULL                                  ,'Langkawi'                                           ,NOW()),
(308,120,NULL                                  ,'Penang'                                             ,NOW()),
(309,120,NULL                                  ,'Tioman'                                             ,NOW()),
(310,122,NULL                                  ,'Atol Ari'                                           ,NOW()),
(311,122,NULL                                  ,'Južný Atol Male'                                    ,NOW()),
(312,122,NULL                                  ,'Kaafu Atol'                                         ,NOW()),
(313,122,NULL                                  ,'Lhaviyani Atol'                                     ,NOW()),
(314,122,NULL                                  ,'Severný Atol Male'                                  ,NOW()),
(315,124,NULL                                  ,'Bugibba a Qawra'                                    ,NOW()),
(316,124,NULL                                  ,'Cirkewwa'                                           ,NOW()),
(317,124,NULL                                  ,'Marfa'                                              ,NOW()),
(318,124,NULL                                  ,'Mellieha'                                           ,NOW()),
(319,124,NULL                                  ,'Ostrov Gozo'                                        ,NOW()),
(320,124,NULL                                  ,'Sliema'                                             ,NOW()),
(321,124,NULL                                  ,'St. Julian'                                         ,NOW()),
(322,124,NULL                                  ,'Valletta'                                           ,NOW()),
(323,125,NULL                                  ,'Agadir'                                             ,NOW()),
(324,125,NULL                                  ,'Fes'                                                ,NOW()),
(325,125,NULL                                  ,'Marákeš'                                            ,NOW()),
(326,125,NULL                                  ,'Rabat'                                              ,NOW()),
(327,125,NULL                                  ,'Saidia'                                             ,NOW()),
(328,125,NULL                                  ,'Vysoký Atlas'                                       ,NOW()),
(329,127,NULL                                  ,'Les Trois Ilets'                                    ,NOW()),
(330,127,NULL                                  ,'Poloostrov Caravelle'                               ,NOW()),
(331,127,NULL                                  ,'Ste. Luce'                                          ,NOW()),
(332,128,NULL                                  ,'Balaclava'                                          ,NOW()),
(333,128,NULL                                  ,'Belle Mare'                                         ,NOW()),
(334,128,NULL                                  ,'Blue Bay'                                           ,NOW()),
(335,128,NULL                                  ,'Flic en Flac'                                       ,NOW()),
(336,128,NULL                                  ,'Grand Baie'                                         ,NOW()),
(337,128,NULL                                  ,'Grand Gaube'                                        ,NOW()),
(338,128,NULL                                  ,'Grand Riviere'                                      ,NOW()),
(339,128,NULL                                  ,'Le Morne'                                           ,NOW()),
(340,128,NULL                                  ,'Tamarin'                                            ,NOW()),
(341,128,NULL                                  ,'Trou aux Biches'                                    ,NOW()),
(342,131,NULL                                  ,'Acapulco'                                           ,NOW()),
(343,131,NULL                                  ,'Baja California'                                    ,NOW()),
(344,131,NULL                                  ,'Cancún'                                             ,NOW()),
(345,131,NULL                                  ,'Ciudad de México'                                   ,NOW()),
(346,131,NULL                                  ,'Playa del Carmen'                                   ,NOW()),
(347,131,NULL                                  ,'Riviera Maya'                                       ,NOW()),
(348,131,NULL                                  ,'Yucatán'                                            ,NOW()),
(349,144,NULL                                  ,'Bergen'                                             ,NOW()),
(350,144,NULL                                  ,'Oslo'                                               ,NOW()),
(351,144,NULL                                  ,'Trondheim'                                          ,NOW()),
(352,146,NULL                                  ,'Auckland'                                           ,NOW()),
(353,147,NULL                                  ,'Barka'                                              ,NOW()),
(354,147,NULL                                  ,'Muscat'                                             ,NOW()),
(355,147,NULL                                  ,'Salalah'                                            ,NOW()),
(356,147,NULL                                  ,'Sur'                                                ,NOW()),
(357,156,NULL                                  ,'Baltské more'                                       ,NOW()),
(358,156,NULL                                  ,'Beskydy'                                            ,NOW()),
(359,156,NULL                                  ,'Bieszczady'                                         ,NOW()),
(360,156,NULL                                  ,'Dolní Slezsko'                                      ,NOW()),
(361,156,NULL                                  ,'Krakov'                                             ,NOW()),
(362,156,NULL                                  ,'Kujavsko'                                           ,NOW()),
(363,156,NULL                                  ,'Lodžské vojvodství'                                 ,NOW()),
(364,156,NULL                                  ,'Lublinské vojvodství'                               ,NOW()),
(365,156,NULL                                  ,'Lubušské vojvodství'                                ,NOW()),
(366,156,NULL                                  ,'Malopolsko'                                         ,NOW()),
(367,156,NULL                                  ,'Mazovsko'                                           ,NOW()),
(368,156,NULL                                  ,'Mazury'                                             ,NOW()),
(369,156,NULL                                  ,'Opolské vojvodství'                                 ,NOW()),
(370,156,NULL                                  ,'Podkarpatské vojvodství'                            ,NOW()),
(371,156,NULL                                  ,'Podleské vojvodství'                                ,NOW()),
(372,156,NULL                                  ,'Polské Pieniny'                                     ,NOW()),
(373,156,NULL                                  ,'Polské Tatry'                                       ,NOW()),
(374,156,NULL                                  ,'Pomořansko'                                         ,NOW()),
(375,156,NULL                                  ,'Slezsko'                                            ,NOW()),
(376,156,NULL                                  ,'Sudety'                                             ,NOW()),
(377,156,NULL                                  ,'Svatokřížské vojvodství'                            ,NOW()),
(378,156,NULL                                  ,'Varšava'                                            ,NOW()),
(379,156,NULL                                  ,'Velkopolsko'                                        ,NOW()),
(380,156,NULL                                  ,'Západopomořanské vojvodství'                        ,NOW()),
(381,158,NULL                                  ,'Algarve'                                            ,NOW()),
(382,158,NULL                                  ,'Azorské ostrovy'                                    ,NOW()),
(383,158,NULL                                  ,'Estoril'                                            ,NOW()),
(384,158,NULL                                  ,'Lisabon'                                            ,NOW()),
(385,163,NULL                                  ,'La Saline les Bains'                                ,NOW()),
(386,167,NULL                                  ,'Bukurešť'                                           ,NOW()),
(387,167,NULL                                  ,'Sinaia'                                             ,NOW()),
(388,168,NULL                                  ,'Moskva'                                             ,NOW()),
(389,168,NULL                                  ,'Petrohrad'                                          ,NOW()),
(390,177,NULL                                  ,'La Digue'                                           ,NOW()),
(391,177,NULL                                  ,'Mahé'                                               ,NOW()),
(392,177,NULL                                  ,'mikroostrovy v Seychelách'                          ,NOW()),
(393,177,NULL                                  ,'Praslin'                                            ,NOW()),
(394,181,NULL                                  ,'Bled'                                               ,NOW()),
(395,181,NULL                                  ,'Bohinj'                                             ,NOW()),
(396,181,NULL                                  ,'Julské Alpy'                                        ,NOW()),
(397,181,NULL                                  ,'Kranjska Gora'                                      ,NOW()),
(398,181,NULL                                  ,'Ľubľana'                                            ,NOW()),
(399,181,NULL                                  ,'Portorož'                                           ,NOW()),
(400,181,NULL                                  ,'Slovinské kúpele'                                   ,NOW()),
(401,181,NULL                                  ,'Slovinské pobřeží'                                  ,NOW()),
(402,183,NULL                                  ,'Abu Dhabi'                                          ,NOW()),
(403,183,NULL                                  ,'Ajman'                                              ,NOW()),
(404,183,NULL                                  ,'Dubaj'                                              ,NOW()),
(405,183,NULL                                  ,'Fujairah'                                           ,NOW()),
(406,183,NULL                                  ,'Ras Al Khaimah'                                     ,NOW()),
(407,183,NULL                                  ,'Sharjah'                                            ,NOW()),
(408,183,NULL                                  ,'Umm Al Quwain'                                      ,NOW()),
(409,185,NULL                                  ,'Bentota'                                            ,NOW()),
(410,185,NULL                                  ,'Beruwela'                                           ,NOW()),
(411,185,NULL                                  ,'Centrální provincie'                                ,NOW()),
(412,185,NULL                                  ,'Colombo'                                            ,NOW()),
(413,185,NULL                                  ,'Hikkaduwa'                                          ,NOW()),
(414,185,NULL                                  ,'Induruwa'                                           ,NOW()),
(415,185,NULL                                  ,'Jižní provincie'                                    ,NOW()),
(416,185,NULL                                  ,'Kalutara'                                           ,NOW()),
(417,185,NULL                                  ,'Koggala'                                            ,NOW()),
(418,185,NULL                                  ,'Marawila'                                           ,NOW()),
(419,185,NULL                                  ,'Negombo'                                            ,NOW()),
(420,185,NULL                                  ,'Provincie Sabaragamuva'                             ,NOW()),
(421,185,NULL                                  ,'Provincie Úva'                                      ,NOW()),
(422,185,NULL                                  ,'Severní provincie'                                  ,NOW()),
(423,185,NULL                                  ,'Severocentrální provincie'                          ,NOW()),
(424,185,NULL                                  ,'Severozápadná provincia'                            ,NOW()),
(425,185,NULL                                  ,'Tangalla'                                           ,NOW()),
(426,185,NULL                                  ,'Trincomalee'                                        ,NOW()),
(427,185,NULL                                  ,'Unawatuna'                                          ,NOW()),
(428,185,NULL                                  ,'Východní provincie'                                 ,NOW()),
(429,185,NULL                                  ,'Waduwa'                                             ,NOW()),
(430,185,NULL                                  ,'Západní provincie'                                  ,NOW()),
(431,200,NULL                                  ,'Bern'                                               ,NOW()),
(432,200,NULL                                  ,'Graubünden'                                         ,NOW()),
(433,200,NULL                                  ,'St. Moritz'                                         ,NOW()),
(434,200,NULL                                  ,'Švajčiarske Alpy'                                   ,NOW()),
(435,200,NULL                                  ,'Ticino'                                             ,NOW()),
(436,200,NULL                                  ,'Valais (Wallis)'                                    ,NOW()),
(437,200,NULL                                  ,'Zürich'                                             ,NOW()),
(438,200,NULL                                  ,'Ženeva'                                             ,NOW()),
(439,200,NULL                                  ,'Ženevské jezero'                                    ,NOW()),
(440,201,NULL                                  ,'Štokholm'                                           ,NOW()),
(441,206,NULL                                  ,'Bangkok'                                            ,NOW()),
(442,206,NULL                                  ,'Hua Hin'                                            ,NOW()),
(443,206,NULL                                  ,'Khao Lak'                                           ,NOW()),
(444,206,NULL                                  ,'Koh Chang'                                          ,NOW()),
(445,206,NULL                                  ,'Koh Lanta'                                          ,NOW()),
(446,206,NULL                                  ,'Koh Samet'                                          ,NOW()),
(447,206,NULL                                  ,'Koh Samui'                                          ,NOW()),
(448,206,NULL                                  ,'Koh Tao'                                            ,NOW()),
(449,206,NULL                                  ,'Krabi'                                              ,NOW()),
(450,206,NULL                                  ,'Pattaya'                                            ,NOW()),
(451,206,NULL                                  ,'Phi Phi'                                            ,NOW()),
(452,206,NULL                                  ,'Phuket'                                             ,NOW()),
(453,210,NULL                                  ,'Tobago'                                             ,NOW()),
(454,210,NULL                                  ,'Trinidad'                                           ,NOW()),
(455,211,NULL                                  ,'Bizerta'                                            ,NOW()),
(456,211,NULL                                  ,'Borj Cedria'                                        ,NOW()),
(457,211,NULL                                  ,'Djerba'                                             ,NOW()),
(458,211,NULL                                  ,'Hammamet'                                           ,NOW()),
(459,211,NULL                                  ,'Mahdia'                                             ,NOW()),
(460,211,NULL                                  ,'Monastir'                                           ,NOW()),
(461,211,NULL                                  ,'Nabeul'                                             ,NOW()),
(462,211,NULL                                  ,'Port El Kantaoui'                                   ,NOW()),
(463,211,NULL                                  ,'Skanes'                                             ,NOW()),
(464,211,NULL                                  ,'Sousse'                                             ,NOW()),
(465,211,NULL                                  ,'Tabarka'                                            ,NOW()),
(466,211,NULL                                  ,'Tunis'                                              ,NOW()),
(467,217,NULL                                  ,'Kyjev'                                              ,NOW()),
(468,217,NULL                                  ,'Lvov'                                               ,NOW()),
(469,217,NULL                                  ,'Oděsa'                                              ,NOW()),
(470,219,NULL                                  ,'Aljaška'                                            ,NOW()),
(471,219,NULL                                  ,'California'                                         ,NOW()),
(472,219,NULL                                  ,'Florida'                                            ,NOW()),
(473,219,NULL                                  ,'Havajské ostrovy'                                   ,NOW()),
(474,219,NULL                                  ,'Miami'                                              ,NOW()),
(475,219,NULL                                  ,'Nevada'                                             ,NOW()),
(476,219,NULL                                  ,'New York'                                           ,NOW()),
(477,219,NULL                                  ,'Panenské ostrovy'                                   ,NOW()),
(478,219,NULL                                  ,'Portoriko'                                          ,NOW()),
(479,223,NULL                                  ,'Belfast'                                            ,NOW()),
(480,223,NULL                                  ,'Birmingham'                                         ,NOW()),
(481,223,NULL                                  ,'Brighton'                                           ,NOW()),
(482,223,NULL                                  ,'Edinburgh'                                          ,NOW()),
(483,223,NULL                                  ,'Glasgow'                                            ,NOW()),
(484,223,NULL                                  ,'Liverpool'                                          ,NOW()),
(485,223,NULL                                  ,'Londýn'                                             ,NOW()),
(486,223,NULL                                  ,'Manchester'                                         ,NOW()),
(487,223,NULL                                  ,'Newcastle'                                          ,NOW()),
(488,223,NULL                                  ,'Škótsko'                                            ,NOW()),
(489,224,NULL                                  ,'Isla Coche'                                         ,NOW()),
(490,224,NULL                                  ,'Isla Margarita'                                     ,NOW()),
(491,224,NULL                                  ,'Los Roques'                                         ,NOW()),
(492,225,NULL                                  ,'Hanoj'                                              ,NOW()),
(493,225,NULL                                  ,'Nha Trang'                                          ,NOW()),
(494,225,NULL                                  ,'Phan Thiet'                                         ,NOW()),
(495,225,NULL                                  ,'Phu Quoc'                                           ,NOW()),
(496,229,NULL                                  ,'Kiwengwa'                                           ,NOW()),
(497,229,NULL                                  ,'Nungwi'                                             ,NOW()),
(498,229,NULL                                  ,'Pingwe'                                             ,NOW()),
(499,229,NULL                                  ,'Pwani Mchangani'                                    ,NOW()),
(500,229,NULL                                  ,'Uroa'                                               ,NOW()),
(501,180,NULL                                  ,'Južné Slovensko'                                    ,NOW()),
(502,180,365 ,'Bratislava a okolie'                                ,NOW()),
(503,180,365 ,'Slnečné jazerá'                                     ,NOW()),
(504,180,NULL,'Stredné Slovensko'                                  ,NOW()),
(505,180,368 ,'Kysucké Beskydy'                                    ,NOW()),
(506,180,368 ,'Liptov'                                             ,NOW()),
(507,180,368 ,'Malá Fatra'                                         ,NOW()),
(508,180,368 ,'Nízke Tatry'                                        ,NOW()),
(509,180,368 ,'Oravské Beskydy'                                    ,NOW()),
(510,180,368 ,'Veľká Fatra'                                        ,NOW()),
(511,180,NULL,'Východné Slovensko'                                 ,NOW()),
(512,180,375 ,'Pieniny'                                            ,NOW()),
(513,180,375 ,'Poloniny'                                           ,NOW()),
(514,180,375 ,'Slovenský Kras'                                     ,NOW()),
(515,180,375 ,'Slovenský Raj'                                      ,NOW()),
(516,180,375 ,'Vysoké Tatry'                                       ,NOW()),
(517,180,375 ,'Západné Tatry'                                      ,NOW()),
(518,180,NULL,'Západné Slovensko'                                  ,NOW()),
(519,180,382 ,'Biele Karpaty'                                      ,NOW()),
(520,180,382 ,'Malé Karpaty'                                       ,NOW()),
(521,161,NULL,'Burgenland'                                         ,NOW()),
(522,161,NULL,'Dolné Rakúsko'                                      ,NOW()),
(523,161,397 ,'Annaberg'                                           ,NOW()),
(524,161,397 ,'Hochkar'                                            ,NOW()),
(525,161,397 ,'Semmering / Zauberg'                                ,NOW()),
(526,161,NULL,'Horné Rakúsko'                                      ,NOW()),
(527,161,401 ,'Dachstein West'                                     ,NOW()),
(528,161,401 ,'Hinterstoder'                                       ,NOW()),
(529,161,NULL,'Korutany'                                           ,NOW()),
(530,161,403 ,'Bad Kleinkirchheim'                                 ,NOW()),
(531,161,403 ,'Gerlitze'                                           ,NOW()),
(532,161,403 ,'Innerkrems'                                         ,NOW()),
(533,161,NULL,'Salzbursko'                                         ,NOW()),
(534,161,407 ,'Bad Gastein'                                        ,NOW()),
(535,161,407 ,'Flachau'                                            ,NOW()),
(536,161,NULL,'Viedeň'                                             ,NOW()),
(537,161,NULL,'Tirolsko'                                           ,NOW()),
(538,161,411 ,'Achensee'                                           ,NOW()),
(539,161,411 ,'Alpbachtal / Wildschönau'                           ,NOW()),
(540,161,411 ,'Ischgl / Kappl'                                     ,NOW()),
(541,161,NULL,'Vorarlbersko'                                       ,NOW()),
(542,161,NULL,'Východné Tyrolsko'                                  ,NOW()),
(543,161,416 ,'Matrei / Kals'                                      ,NOW()),
(544,161,416 ,'St. Jakob'                                          ,NOW()),
(545,212,NULL,'Turecko'                                            ,NOW()),
(546,212,545 ,'Egejská riviéra'                                    ,NOW()),
(547,212,546 ,'Bodrum'                                             ,NOW()),
(548,212,546 ,'Fethiye'                                            ,NOW()),
(549,212,546 ,'Kusadasi'                                           ,NOW()),
(550,212,546 ,'Marmaris'                                           ,NOW()),
(551,212,545 ,'Istambul'                                           ,NOW()),
(552,212,545 ,'Stredná Anatolie'                                   ,NOW()),
(553,212,545 ,'Turecká riviéra'                                    ,NOW()),
(554,212,553 ,'Alanya'                                             ,NOW()),
(555,212,553 ,'Antalya'                                            ,NOW()),
(556,212,553 ,'Belek'                                              ,NOW()),
(557,212,553 ,'Kemer'                                              ,NOW()),
(558,212,553 ,'Side'                                               ,NOW());


